1|Benton/Franklin Center|2011|July-Denver|Mark/John|Reviewed|A B C D|RMI|7/14/2011|7/15/2011|Submittted
2|Bancroft Elementary School| 2011|July-Denver| Mark/John|Reviewed|A B C D|RMI|07/14/2011| 07/15/2011|Submittted
3|Kanford High School|2011|July-Denver|Mark/John|Reviewed|A B C D|RMI|07/14/2011|07/15/2011|Submittted
4|Kamlakin High School|2011|July-Denver|Mark/John|Reviewed|A B C D|RMI|07/14/2011|07/15/2011|Submittted
5|Bancroft Elementary School|2011|July-Denver|Mark/John|Reviewed|A B C D|RMI|07/14/2011|07/15/2011|Submittted
6|Brookland Elementary|2011|June-Maine|Ken/Gary|Reviewed||Approved|||Complete
7|AAATest|2011|July-Denver|Mark/John|Reviewed|A B C D|RMI|7/14/2011|7/15/2011|Submittted
8|AAATest|2011|July-Denver|Mark/John|Reviewed|A B C D|RMI|7/14/2011|7/15/2011|Submittted
9|AAATestAU|2011|July-Denver|Mark/John|Reviewed|A B C D|RMI|7/14/2011|7/15/2011|Submittted
10|AAATestBD|2011|July-Denver|Mark/John|Reviewed|A B C D|RMI|7/14/2011|7/15/2011|Submittted
11|AAATestSD|2011|July-Denver|Mark/John|Reviewed|A B C D|RMI|7/14/2011|7/15/2011|Submittted
12|AAAtlis|2011|July-Denver|Mark/John|Reviewed|A B C D|RMI|7/14/2011|7/15/2011|Submittted
13|Abilene Christian University|2011|July-Denver|Mark/John|Reviewed|A B C D|RMI|7/14/2011|7/15/2011|Submittted
14|Agnes Scott College|2011|July-Denver|Mark/John|Reviewed|A B C D|RMI|7/14/2011|7/15/2011|Submittted
15|Alabama A&M University|2011|July-Denver|Mark/John|Reviewed|A B C D|RMI|7/14/2011|7/15/2011|Submittted
16|Alabama State University|2011|July-Denver|Mark/John|Reviewed|A B C D|RMI|7/14/2011|7/15/2011|Submittted
17|Albany State University|2011|July-Denver|Mark/John|Reviewed|A B C D|RMI|7/14/2011|7/15/2011|Submittted
18|Albion College|2011|July-Denver|Mark/John|Reviewed|A B C D|RMI|7/14/2011|7/15/2011|Submittted
19|Albright College|2011|July-Denver|Mark/John|Reviewed|A B C D|RMI|7/14/2011|7/15/2011|Submittted
20|Alcorn State University|2011|July-Denver|Mark/John|Reviewed|A B C D|RMI|7/14/2011|7/15/2011|Submittted
21|Alfred University|2011|July-Denver|Mark/John|Reviewed|A B C D|RMI|7/14/2011|7/15/2011|Submittted
22|Allegheny College|2011|July-Denver|Mark/John|Reviewed|A B C D|RMI|7/14/2011|7/15/2011|Submittted
23|Allen University|2011|July-Denver|Mark/John|Reviewed|A B C D|RMI|7/14/2011|7/15/2011|Submittted
24|Alma College|2011|July-Denver|Mark/John|Reviewed|A B C D|RMI|7/14/2011|7/15/2011|Submittted
25|American University|2011|July-Denver|Mark/John|Reviewed|A B C D|RMI|7/14/2011|7/15/2011|Submittted
26|Amherst College|2011|July-Denver|Mark/John|Reviewed|A B C D|RMI|7/14/2011|7/15/2011|Submittted
27|Andrews University|2011|July-Denver|Mark/John|Reviewed|A B C D|RMI|7/14/2011|7/15/2011|Submittted
28|Appalachian State University|2011|July-Denver|Mark/John|Reviewed|A B C D|RMI|7/14/2011|7/15/2011|Submittted
29|Arcadia University|2011|July-Denver|Mark/John|Reviewed|A B C D|RMI|7/14/2011|7/15/2011|Submittted
30|Arizona State University|2011|July-Denver|Mark/John|Reviewed|A B C D|RMI|7/14/2011|7/15/2011|Submittted
31|Arkansas State University|2011|July-Denver|Mark/John|Reviewed|A B C D|RMI|7/14/2011|7/15/2011|Submittted
32|Arkansas Tech University|2011|July-Denver|Mark/John|Reviewed|A B C D|RMI|7/14/2011|7/15/2011|Submittted
33|Armstrong Atlantic State University|2011|July-Denver|Mark/John|Reviewed|A B C D|RMI|7/14/2011|7/15/2011|Submittted
34|Ashland University|2011|July-Denver|Mark/John|Reviewed|A B C D|RMI|7/14/2011|7/15/2011|Submittted
35|Auburn University|2011|July-Denver|Mark/John|Reviewed|A B C D|RMI|7/14/2011|7/15/2011|Submittted
36|Augsburg College|2011|July-Denver|Mark/John|Reviewed|A B C D|RMI|7/14/2011|7/15/2011|Submittted
37|Augustana College|2011|July-Denver|Mark/John|Reviewed|A B C D|RMI|7/14/2011|7/15/2011|Submittted
38|Augustana College|2011|July-Denver|Mark/John|Reviewed|A B C D|RMI|7/14/2011|7/15/2011|Submittted
39|Austin College|2011|July-Denver|Mark/John|Reviewed|A B C D|RMI|7/14/2011|7/15/2011|Submittted
40|Austin Peay State University|2011|July-Denver|Mark/John|Reviewed|A B C D|RMI|7/14/2011|7/15/2011|Submittted
41|Baldwin-Wallace College|2011|July-Denver|Mark/John|Reviewed|A B C D|RMI|7/14/2011|7/15/2011|Submittted
42|Ball State University|2011|July-Denver|Mark/John|Reviewed|A B C D|RMI|7/14/2011|7/15/2011|Submittted
43|Barnard College|2011|July-Denver|Mark/John|Reviewed|A B C D|RMI|7/14/2011|7/15/2011|Submittted
44|Bates College|2011|July-Denver|Mark/John|Reviewed|A B C D|RMI|7/14/2011|7/15/2011|Submittted
45|Baylor University|2011|July-Denver|Mark/John|Reviewed|A B C D|RMI|7/14/2011|7/15/2011|Submittted
46|Beloit College|2011|July-Denver|Mark/John|Reviewed|A B C D|RMI|7/14/2011|7/15/2011|Submittted
47|Bemidji State University|2011|July-Denver|Mark/John|Reviewed|A B C D|RMI|7/14/2011|7/15/2011|Submittted
48|Benedict College|2011|July-Denver|Mark/John|Reviewed|A B C D|RMI|7/14/2011|7/15/2011|Submittted
49|Benedictine University|2011|July-Denver|Mark/John|Reviewed|A B C D|RMI|7/14/2011|7/15/2011|Submittted
50|Bennett College|2011|July-Denver|Mark/John|Reviewed|A B C D|RMI|7/14/2011|7/15/2011|Submittted
51|Berry College|2011|July-Denver|Mark/John|Reviewed|A B C D|RMI|7/14/2011|7/15/2011|Submittted
52|Bethel University|2011|July-Denver|Mark/John|Reviewed|A B C D|RMI|7/14/2011|7/15/2011|Submittted
53|Bethune-Cookman College|2011|July-Denver|Mark/John|Reviewed|A B C D|RMI|7/14/2011|7/15/2011|Submittted
54|Birmingham-Southern College|2011|July-Denver|Mark/John|Reviewed|A B C D|RMI|7/14/2011|7/15/2011|Submittted
55|Bloomsburg University|2011|July-Denver|Mark/John|Reviewed|A B C D|RMI|7/14/2011|7/15/2011|Submittted
56|Boise State University|2011|July-Denver|Mark/John|Reviewed|A B C D|RMI|7/14/2011|7/15/2011|Submittted
57|Boston College|2011|July-Denver|Mark/John|Reviewed|A B C D|RMI|7/14/2011|7/15/2011|Submittted
58|Boston University|2011|July-Denver|Mark/John|Reviewed|A B C D|RMI|7/14/2011|7/15/2011|Submittted
59|Bowdoin College|2011|July-Denver|Mark/John|Reviewed|A B C D|RMI|7/14/2011|7/15/2011|Submittted
60|Bowling Green State University|2011|July-Denver|Mark/John|Reviewed|A B C D|RMI|7/14/2011|7/15/2011|Submittted
61|Bradley University|2011|July-Denver|Mark/John|Reviewed|A B C D|RMI|7/14/2011|7/15/2011|Submittted
62|Brandeis University|2011|July-Denver|Mark/John|Reviewed|A B C D|RMI|7/14/2011|7/15/2011|Submittted
63|Bridgewater State College|2011|July-Denver|Mark/John|Reviewed|A B C D|RMI|7/14/2011|7/15/2011|Submittted
64|Brigham Young University|2011|July-Denver|Mark/John|Reviewed|A B C D|RMI|7/14/2011|7/15/2011|Submittted
65|Brown University|2011|July-Denver|Mark/John|Reviewed|A B C D|RMI|7/14/2011|7/15/2011|Submittted
66|Bryn Mawr College|2011|July-Denver|Mark/John|Reviewed|A B C D|RMI|7/14/2011|7/15/2011|Submittted
67|Bucknell University|2011|July-Denver|Mark/John|Reviewed|A B C D|RMI|7/14/2011|7/15/2011|Submittted
68|Butler University|2011|July-Denver|Mark/John|Reviewed|A B C D|RMI|7/14/2011|7/15/2011|Submittted
69|California Institute of Technology|2011|July-Denver|Mark/John|Reviewed|A B C D|RMI|7/14/2011|7/15/2011|Submittted
70|California Polytechnic State University|2011|July-Denver|Mark/John|Reviewed|A B C D|RMI|7/14/2011|7/15/2011|Submittted
71|California State Polytechnic University|2011|July-Denver|Mark/John|Reviewed|A B C D|RMI|7/14/2011|7/15/2011|Submittted
72|California State University, Bakersfield|2011|July-Denver|Mark/John|Reviewed|A B C D|RMI|7/14/2011|7/15/2011|Submittted
73|California State University, Chico|2011|July-Denver|Mark/John|Reviewed|A B C D|RMI|7/14/2011|7/15/2011|Submittted
74|California State University, Dominguez Hills|2011|July-Denver|Mark/John|Reviewed|A B C D|RMI|7/14/2011|7/15/2011|Submittted
75|California State University, East Bay|2011|July-Denver|Mark/John|Reviewed|A B C D|RMI|7/14/2011|7/15/2011|Submittted
76|California State University, Fresno|2011|July-Denver|Mark/John|Reviewed|A B C D|RMI|7/14/2011|7/15/2011|Submittted
77|California State University, Fullerton|2011|July-Denver|Mark/John|Reviewed|A B C D|RMI|7/14/2011|7/15/2011|Submittted
78|California State University, Long Beach|2011|July-Denver|Mark/John|Reviewed|A B C D|RMI|7/14/2011|7/15/2011|Submittted
79|California State University, Los Angeles|2011|July-Denver|Mark/John|Reviewed|A B C D|RMI|7/14/2011|7/15/2011|Submittted
80|California State University, Northridge|2011|July-Denver|Mark/John|Reviewed|A B C D|RMI|7/14/2011|7/15/2011|Submittted
81|California State University, Sacramento|2011|July-Denver|Mark/John|Reviewed|A B C D|RMI|7/14/2011|7/15/2011|Submittted
82|California State University, San Bernardino|2011|July-Denver|Mark/John|Reviewed|A B C D|RMI|7/14/2011|7/15/2011|Submittted
83|California State University, San Marcos|2011|July-Denver|Mark/John|Reviewed|A B C D|RMI|7/14/2011|7/15/2011|Submittted
84|California State University, Stanislaus|2011|July-Denver|Mark/John|Reviewed|A B C D|RMI|7/14/2011|7/15/2011|Submittted
85|Calvin College|2011|July-Denver|Mark/John|Reviewed|A B C D|RMI|7/14/2011|7/15/2011|Submittted
86|Canisius College|2011|July-Denver|Mark/John|Reviewed|A B C D|RMI|7/14/2011|7/15/2011|Submittted
87|Capital University|2011|July-Denver|Mark/John|Reviewed|A B C D|RMI|7/14/2011|7/15/2011|Submittted
88|Carleton College|2011|July-Denver|Mark/John|Reviewed|A B C D|RMI|7/14/2011|7/15/2011|Submittted
89|Carnegie Mellon University|2011|July-Denver|Mark/John|Reviewed|A B C D|RMI|7/14/2011|7/15/2011|Submittted
90|Carroll University|2011|July-Denver|Mark/John|Reviewed|A B C D|RMI|7/14/2011|7/15/2011|Submittted
91|Carthage College|2011|July-Denver|Mark/John|Reviewed|A B C D|RMI|7/14/2011|7/15/2011|Submittted
92|Case Western Reserve University|2011|July-Denver|Mark/John|Reviewed|A B C D|RMI|7/14/2011|7/15/2011|Submittted
93|Catholic University of America|2011|July-Denver|Mark/John|Reviewed|A B C D|RMI|7/14/2011|7/15/2011|Submittted
94|Centenary College of Louisiana|2011|July-Denver|Mark/John|Reviewed|A B C D|RMI|7/14/2011|7/15/2011|Submittted
95|Central College|2011|July-Denver|Mark/John|Reviewed|A B C D|RMI|7/14/2011|7/15/2011|Submittted
96|Central Connecticut State University|2011|July-Denver|Mark/John|Reviewed|A B C D|RMI|7/14/2011|7/15/2011|Submittted
97|Central Michigan University|2011|July-Denver|Mark/John|Reviewed|A B C D|RMI|7/14/2011|7/15/2011|Submittted
98|Central State University|2011|July-Denver|Mark/John|Reviewed|A B C D|RMI|7/14/2011|7/15/2011|Submittted
99|Central Washington University|2011|July-Denver|Mark/John|Reviewed|A B C D|RMI|7/14/2011|7/15/2011|Submittted
100|Centre College|2011|July-Denver|Mark/John|Reviewed|A B C D|RMI|7/14/2011|7/15/2011|Submittted
101|Chatham University|2011|July-Denver|Mark/John|Reviewed|A B C D|RMI|7/14/2011|7/15/2011|Submittted
102|Chestnut Hill College|2011|July-Denver|Mark/John|Reviewed|A B C D|RMI|7/14/2011|7/15/2011|Submittted
103|Cheyney University of Pennsylvania|2011|July-Denver|Mark/John|Reviewed|A B C D|RMI|7/14/2011|7/15/2011|Submittted
104|Chicago State University|2011|July-Denver|Mark/John|Reviewed|A B C D|RMI|7/14/2011|7/15/2011|Submittted
105|City University of New York, Brooklyn College|2011|July-Denver|Mark/John|Reviewed|A B C D|RMI|7/14/2011|7/15/2011|Submittted
106|City University of New York, College of Staten Island|2011|July-Denver|Mark/John|Reviewed|A B C D|RMI|7/14/2011|7/15/2011|Submittted
107|City University of New York, Graduate Center|2011|July-Denver|Mark/John|Reviewed|A B C D|RMI|7/14/2011|7/15/2011|Submittted
108|City University of New York, Herbert H. Lehman College|2011|July-Denver|Mark/John|Reviewed|A B C D|RMI|7/14/2011|7/15/2011|Submittted
109|City University of New York, Hunter College|2011|July-Denver|Mark/John|Reviewed|A B C D|RMI|7/14/2011|7/15/2011|Submittted
110|City University of New York, Queens College|2011|July-Denver|Mark/John|Reviewed|A B C D|RMI|7/14/2011|7/15/2011|Submittted
111|City University of New York, The City College|2011|July-Denver|Mark/John|Reviewed|A B C D|RMI|7/14/2011|7/15/2011|Submittted
112|Claflin University|2011|July-Denver|Mark/John|Reviewed|A B C D|RMI|7/14/2011|7/15/2011|Submittted
113|Clarion University|2011|July-Denver|Mark/John|Reviewed|A B C D|RMI|7/14/2011|7/15/2011|Submittted
114|Clark Atlanta University|2011|July-Denver|Mark/John|Reviewed|A B C D|RMI|7/14/2011|7/15/2011|Submittted
115|Clark University|2011|July-Denver|Mark/John|Reviewed|A B C D|RMI|7/14/2011|7/15/2011|Submittted
116|Clarkson University|2011|July-Denver|Mark/John|Reviewed|A B C D|RMI|7/14/2011|7/15/2011|Submittted
117|Clemson University|2011|July-Denver|Mark/John|Reviewed|A B C D|RMI|7/14/2011|7/15/2011|Submittted
118|Cleveland State University|2011|July-Denver|Mark/John|Reviewed|A B C D|RMI|7/14/2011|7/15/2011|Submittted
119|Coe College|2011|July-Denver|Mark/John|Reviewed|A B C D|RMI|7/14/2011|7/15/2011|Submittted
120|Colby College|2011|July-Denver|Mark/John|Reviewed|A B C D|RMI|7/14/2011|7/15/2011|Submittted
121|Colgate University|2011|July-Denver|Mark/John|Reviewed|A B C D|RMI|7/14/2011|7/15/2011|Submittted
122|College of Charleston|2011|July-Denver|Mark/John|Reviewed|A B C D|RMI|7/14/2011|7/15/2011|Submittted
123|College of Mount Saint Vincent|2011|July-Denver|Mark/John|Reviewed|A B C D|RMI|7/14/2011|7/15/2011|Submittted
124|College of Mount St. Joseph|2011|July-Denver|Mark/John|Reviewed|A B C D|RMI|7/14/2011|7/15/2011|Submittted
125|College of New Jersey|2011|July-Denver|Mark/John|Reviewed|A B C D|RMI|7/14/2011|7/15/2011|Submittted
126|College of Saint Benedict/Saint John's University|2011|July-Denver|Mark/John|Reviewed|A B C D|RMI|7/14/2011|7/15/2011|Submittted
127|St. Catherine University|2011|July-Denver|Mark/John|Reviewed|A B C D|RMI|7/14/2011|7/15/2011|Submittted
128|College of the Holy Cross|2011|July-Denver|Mark/John|Reviewed|A B C D|RMI|7/14/2011|7/15/2011|Submittted
129|College of William and Mary|2011|July-Denver|Mark/John|Reviewed|A B C D|RMI|7/14/2011|7/15/2011|Submittted
130|College of Wooster|2011|July-Denver|Mark/John|Reviewed|A B C D|RMI|7/14/2011|7/15/2011|Submittted
131|Colorado College|2011|July-Denver|Mark/John|Reviewed|A B C D|RMI|7/14/2011|7/15/2011|Submittted
132|Colorado School of Mines|2011|July-Denver|Mark/John|Reviewed|A B C D|RMI|7/14/2011|7/15/2011|Submittted
133|Colorado State University|2011|July-Denver|Mark/John|Reviewed|A B C D|RMI|7/14/2011|7/15/2011|Submittted
134|Colorado State University-Pueblo|2011|July-Denver|Mark/John|Reviewed|A B C D|RMI|7/14/2011|7/15/2011|Submittted
135|Columbia University|2011|July-Denver|Mark/John|Reviewed|A B C D|RMI|7/14/2011|7/15/2011|Submittted
136|Concordia College|2011|July-Denver|Mark/John|Reviewed|A B C D|RMI|7/14/2011|7/15/2011|Submittted
137|Connecticut College|2011|July-Denver|Mark/John|Reviewed|A B C D|RMI|7/14/2011|7/15/2011|Submittted
138|Coppin State College|2011|July-Denver|Mark/John|Reviewed|A B C D|RMI|7/14/2011|7/15/2011|Submittted
139|Cornell College|2011|July-Denver|Mark/John|Reviewed|A B C D|RMI|7/14/2011|7/15/2011|Submittted
140|Cornell University|2011|July-Denver|Mark/John|Reviewed|A B C D|RMI|7/14/2011|7/15/2011|Submittted
141|Creighton University|2011|July-Denver|Mark/John|Reviewed|A B C D|RMI|7/14/2011|7/15/2011|Submittted
142|Dartmouth College|2011|July-Denver|Mark/John|Reviewed|A B C D|RMI|7/14/2011|7/15/2011|Submittted
143|Davidson College|2011|July-Denver|Mark/John|Reviewed|A B C D|RMI|7/14/2011|7/15/2011|Submittted
144|Delaware State University|2011|July-Denver|Mark/John|Reviewed|A B C D|RMI|7/14/2011|7/15/2011|Submittted
145|Delaware Valley College|2011|July-Denver|Mark/John|Reviewed|A B C D|RMI|7/14/2011|7/15/2011|Submittted
146|Delta State University|2011|July-Denver|Mark/John|Reviewed|A B C D|RMI|7/14/2011|7/15/2011|Submittted
147|Denison University|2011|July-Denver|Mark/John|Reviewed|A B C D|RMI|7/14/2011|7/15/2011|Submittted
148|DePaul University|2011|July-Denver|Mark/John|Reviewed|A B C D|RMI|7/14/2011|7/15/2011|Submittted
149|DePauw University|2011|July-Denver|Mark/John|Reviewed|A B C D|RMI|7/14/2011|7/15/2011|Submittted
150|Dickinson College|2011|July-Denver|Mark/John|Reviewed|A B C D|RMI|7/14/2011|7/15/2011|Submittted
151|Dillard University|2011|July-Denver|Mark/John|Reviewed|A B C D|RMI|7/14/2011|7/15/2011|Submittted
152|Drake University|2011|July-Denver|Mark/John|Reviewed|A B C D|RMI|7/14/2011|7/15/2011|Submittted
153|Drew University|2011|July-Denver|Mark/John|Reviewed|A B C D|RMI|7/14/2011|7/15/2011|Submittted
154|Drexel University|2011|July-Denver|Mark/John|Reviewed|A B C D|RMI|7/14/2011|7/15/2011|Submittted
155|Drury University|2011|July-Denver|Mark/John|Reviewed|A B C D|RMI|7/14/2011|7/15/2011|Submittted
156|Duke University|2011|July-Denver|Mark/John|Reviewed|A B C D|RMI|7/14/2011|7/15/2011|Submittted
157|Duquesne University|2011|July-Denver|Mark/John|Reviewed|A B C D|RMI|7/14/2011|7/15/2011|Submittted
158|Earlham College|2011|July-Denver|Mark/John|Reviewed|A B C D|RMI|7/14/2011|7/15/2011|Submittted
159|East Carolina University|2011|July-Denver|Mark/John|Reviewed|A B C D|RMI|7/14/2011|7/15/2011|Submittted
160|East Stroudsburg University|2011|July-Denver|Mark/John|Reviewed|A B C D|RMI|7/14/2011|7/15/2011|Submittted
161|East Tennessee State University|2011|July-Denver|Mark/John|Reviewed|A B C D|RMI|7/14/2011|7/15/2011|Submittted
162|Eastern Illinois University|2011|July-Denver|Mark/John|Reviewed|A B C D|RMI|7/14/2011|7/15/2011|Submittted
163|Eastern Kentucky University|2011|July-Denver|Mark/John|Reviewed|A B C D|RMI|7/14/2011|7/15/2011|Submittted
164|Eastern Michigan University|2011|July-Denver|Mark/John|Reviewed|A B C D|RMI|7/14/2011|7/15/2011|Submittted
165|Eastern New Mexico University|2011|July-Denver|Mark/John|Reviewed|A B C D|RMI|7/14/2011|7/15/2011|Submittted
166|Eastern Washington University|2011|July-Denver|Mark/John|Reviewed|A B C D|RMI|7/14/2011|7/15/2011|Submittted
167|Eckerd College|2011|July-Denver|Mark/John|Reviewed|A B C D|RMI|7/14/2011|7/15/2011|Submittted
168|Elizabeth City State University|2011|July-Denver|Mark/John|Reviewed|A B C D|RMI|7/14/2011|7/15/2011|Submittted
169|Elizabethtown College|2011|July-Denver|Mark/John|Reviewed|A B C D|RMI|7/14/2011|7/15/2011|Submittted
160|Elmhurst College|2011|July-Denver|Mark/John|Reviewed|A B C D|RMI|7/14/2011|7/15/2011|Submittted
171|Elon University|2011|July-Denver|Mark/John|Reviewed|A B C D|RMI|7/14/2011|7/15/2011|Submittted
172|Emory University|2011|July-Denver|Mark/John|Reviewed|A B C D|RMI|7/14/2011|7/15/2011|Submittted
173|Emporia State University|2011|July-Denver|Mark/John|Reviewed|A B C D|RMI|7/14/2011|7/15/2011|Submittted
174|Fairfield University|2011|July-Denver|Mark/John|Reviewed|A B C D|RMI|7/14/2011|7/15/2011|Submittted
175|Fairleigh Dickinson University, Madison|2011|July-Denver|Mark/John|Reviewed|A B C D|RMI|7/14/2011|7/15/2011|Submittted
176|Fayetteville State University|2011|July-Denver|Mark/John|Reviewed|A B C D|RMI|7/14/2011|7/15/2011|Submittted
177|Fisk University|2011|July-Denver|Mark/John|Reviewed|A B C D|RMI|7/14/2011|7/15/2011|Submittted
178|Florida A&M University|2011|July-Denver|Mark/John|Reviewed|A B C D|RMI|7/14/2011|7/15/2011|Submittted
179|Florida Atlantic University|2011|July-Denver|Mark/John|Reviewed|A B C D|RMI|7/14/2011|7/15/2011|Submittted
180|Florida Institute of Technology|2011|July-Denver|Mark/John|Reviewed|A B C D|RMI|7/14/2011|7/15/2011|Submittted
181|Florida International University|2011|July-Denver|Mark/John|Reviewed|A B C D|RMI|7/14/2011|7/15/2011|Submittted
182|Florida Memorial University|2011|July-Denver|Mark/John|Reviewed|A B C D|RMI|7/14/2011|7/15/2011|Submittted
183|Florida State University|2011|July-Denver|Mark/John|Reviewed|A B C D|RMI|7/14/2011|7/15/2011|Submittted
184|Fordham University|2011|July-Denver|Mark/John|Reviewed|A B C D|RMI|7/14/2011|7/15/2011|Submittted
185|Fort Lewis College|2011|July-Denver|Mark/John|Reviewed|A B C D|RMI|7/14/2011|7/15/2011|Submittted
186|Fort Valley State University|2011|July-Denver|Mark/John|Reviewed|A B C D|RMI|7/14/2011|7/15/2011|Submittted
187|Framingham State College|2011|July-Denver|Mark/John|Reviewed|A B C D|RMI|7/14/2011|7/15/2011|Submittted
188|Francis Marion University|2011|July-Denver|Mark/John|Reviewed|A B C D|RMI|7/14/2011|7/15/2011|Submittted
189|Franklin & Marshall College|2011|July-Denver|Mark/John|Reviewed|A B C D|RMI|7/14/2011|7/15/2011|Submittted
190|Furman University|2011|July-Denver|Mark/John|Reviewed|A B C D|RMI|7/14/2011|7/15/2011|Submittted
191|Geneva College|2011|July-Denver|Mark/John|Reviewed|A B C D|RMI|7/14/2011|7/15/2011|Submittted
192|George Mason University|2011|July-Denver|Mark/John|Reviewed|A B C D|RMI|7/14/2011|7/15/2011|Submittted
193|George Washington University|2011|July-Denver|Mark/John|Reviewed|A B C D|RMI|7/14/2011|7/15/2011|Submittted
194|Georgetown University|2011|July-Denver|Mark/John|Reviewed|A B C D|RMI|7/14/2011|7/15/2011|Submittted
195|Georgia Institute of Technology|2011|July-Denver|Mark/John|Reviewed|A B C D|RMI|7/14/2011|7/15/2011|Submittted
196|Georgia Southern University|2011|July-Denver|Mark/John|Reviewed|A B C D|RMI|7/14/2011|7/15/2011|Submittted
197|Georgia State University|2011|July-Denver|Mark/John|Reviewed|A B C D|RMI|7/14/2011|7/15/2011|Submittted
198|Gettysburg College|2011|July-Denver|Mark/John|Reviewed|A B C D|RMI|7/14/2011|7/15/2011|Submittted
199|Gonzaga University|2011|July-Denver|Mark/John|Reviewed|A B C D|RMI|7/14/2011|7/15/2011|Submittted
200|Goucher College|2011|July-Denver|Mark/John|Reviewed|A B C D|RMI|7/14/2011|7/15/2011|Submittted
201|Governors State University|2011|July-Denver|Mark/John|Reviewed|A B C D|RMI|7/14/2011|7/15/2011|Submittted
202|Grambling State University|2011|July-Denver|Mark/John|Reviewed|A B C D|RMI|7/14/2011|7/15/2011|Submittted
203|Grand Valley State University|2011|July-Denver|Mark/John|Reviewed|A B C D|RMI|7/14/2011|7/15/2011|Submittted
204|Grinnell College|2011|July-Denver|Mark/John|Reviewed|A B C D|RMI|7/14/2011|7/15/2011|Submittted
205|Gustavus Adolphus College|2011|July-Denver|Mark/John|Reviewed|A B C D|RMI|7/14/2011|7/15/2011|Submittted
206|Hamilton College|2011|July-Denver|Mark/John|Reviewed|A B C D|RMI|7/14/2011|7/15/2011|Submittted
207|Hamline University|2011|July-Denver|Mark/John|Reviewed|A B C D|RMI|7/14/2011|7/15/2011|Submittted
208|Hampden-Sydney College|2011|July-Denver|Mark/John|Reviewed|A B C D|RMI|7/14/2011|7/15/2011|Submittted
209|Hampton University|2011|July-Denver|Mark/John|Reviewed|A B C D|RMI|7/14/2011|7/15/2011|Submittted
210|Hartwick College|2011|July-Denver|Mark/John|Reviewed|A B C D|RMI|7/14/2011|7/15/2011|Submittted
211|Harvard University|2011|July-Denver|Mark/John|Reviewed|A B C D|RMI|7/14/2011|7/15/2011|Submittted
212|Harvey Mudd College|2011|July-Denver|Mark/John|Reviewed|A B C D|RMI|7/14/2011|7/15/2011|Submittted
213|Haverford College|2011|July-Denver|Mark/John|Reviewed|A B C D|RMI|7/14/2011|7/15/2011|Submittted
214|Hendrix College|2011|July-Denver|Mark/John|Reviewed|A B C D|RMI|7/14/2011|7/15/2011|Submittted
215|Hillsdale College|2011|July-Denver|Mark/John|Reviewed|A B C D|RMI|7/14/2011|7/15/2011|Submittted
216|Hiram College|2011|July-Denver|Mark/John|Reviewed|A B C D|RMI|7/14/2011|7/15/2011|Submittted
217|Hobart & William Smith Colleges|2011|July-Denver|Mark/John|Reviewed|A B C D|RMI|7/14/2011|7/15/2011|Submittted
218|Hofstra University|2011|July-Denver|Mark/John|Reviewed|A B C D|RMI|7/14/2011|7/15/2011|Submittted
219|Hope College|2011|July-Denver|Mark/John|Reviewed|A B C D|RMI|7/14/2011|7/15/2011|Submittted
220|Howard University|2011|July-Denver|Mark/John|Reviewed|A B C D|RMI|7/14/2011|7/15/2011|Submittted
221|Humboldt State University|2011|July-Denver|Mark/John|Reviewed|A B C D|RMI|7/14/2011|7/15/2011|Submittted
222|Huston-Tillotson College|2011|July-Denver|Mark/John|Reviewed|A B C D|RMI|7/14/2011|7/15/2011|Submittted
223|Idaho State University|2011|July-Denver|Mark/John|Reviewed|A B C D|RMI|7/14/2011|7/15/2011|Submittted
224|Illinois Institute of Technology|2011|July-Denver|Mark/John|Reviewed|A B C D|RMI|7/14/2011|7/15/2011|Submittted
225|Illinois State University|2011|July-Denver|Mark/John|Reviewed|A B C D|RMI|7/14/2011|7/15/2011|Submittted
226|Illinois Wesleyan University|2011|July-Denver|Mark/John|Reviewed|A B C D|RMI|7/14/2011|7/15/2011|Submittted
227|Indiana State University|2011|July-Denver|Mark/John|Reviewed|A B C D|RMI|7/14/2011|7/15/2011|Submittted
228|Indiana University|2011|July-Denver|Mark/John|Reviewed|A B C D|RMI|7/14/2011|7/15/2011|Submittted
229|Indiana University Northwest|2011|July-Denver|Mark/John|Reviewed|A B C D|RMI|7/14/2011|7/15/2011|Submittted
230|Indiana University of Pennsylvania|2011|July-Denver|Mark/John|Reviewed|A B C D|RMI|7/14/2011|7/15/2011|Submittted
231|Indiana University South Bend|2011|July-Denver|Mark/John|Reviewed|A B C D|RMI|7/14/2011|7/15/2011|Submittted
232|Indiana University Southeast|2011|July-Denver|Mark/John|Reviewed|A B C D|RMI|7/14/2011|7/15/2011|Submittted
233|Indiana University-Purdue University at Fort Wayne|2011|July-Denver|Mark/John|Reviewed|A B C D|RMI|7/14/2011|7/15/2011|Submittted
234|Indiana University-Purdue University Indianapolis|2011|July-Denver|Mark/John|Reviewed|A B C D|RMI|7/14/2011|7/15/2011|Submittted
235|Interamerican University of Puerto Rico|2011|July-Denver|Mark/John|Reviewed|A B C D|RMI|7/14/2011|7/15/2011|Submittted
236|Iowa State University|2011|July-Denver|Mark/John|Reviewed|A B C D|RMI|7/14/2011|7/15/2011|Submittted
237|Ithaca College|2011|July-Denver|Mark/John|Reviewed|A B C D|RMI|7/14/2011|7/15/2011|Submittted
238|Jackson State University|2011|July-Denver|Mark/John|Reviewed|A B C D|RMI|7/14/2011|7/15/2011|Submittted
239|James Madison University|2011|July-Denver|Mark/John|Reviewed|A B C D|RMI|7/14/2011|7/15/2011|Submittted
240|Jarvis Christian College|2011|July-Denver|Mark/John|Reviewed|A B C D|RMI|7/14/2011|7/15/2011|Submittted
241|John Carroll University|2011|July-Denver|Mark/John|Reviewed|A B C D|RMI|7/14/2011|7/15/2011|Submittted
242|Johns Hopkins University|2011|July-Denver|Mark/John|Reviewed|A B C D|RMI|7/14/2011|7/15/2011|Submittted
243|Johnson C. Smith University|2011|July-Denver|Mark/John|Reviewed|A B C D|RMI|7/14/2011|7/15/2011|Submittted
244|Juniata College|2011|July-Denver|Mark/John|Reviewed|A B C D|RMI|7/14/2011|7/15/2011|Submittted
245|Kalamazoo College|2011|July-Denver|Mark/John|Reviewed|A B C D|RMI|7/14/2011|7/15/2011|Submittted
246|Kansas State University|2011|July-Denver|Mark/John|Reviewed|A B C D|RMI|7/14/2011|7/15/2011|Submittted
247|Kean University|2011|July-Denver|Mark/John|Reviewed|A B C D|RMI|7/14/2011|7/15/2011|Submittted
248|Kennesaw State University|2011|July-Denver|Mark/John|Reviewed|A B C D|RMI|7/14/2011|7/15/2011|Submittted
249|Kent State University|2011|July-Denver|Mark/John|Reviewed|A B C D|RMI|7/14/2011|7/15/2011|Submittted
250|Kentucky State University|2011|July-Denver|Mark/John|Reviewed|A B C D|RMI|7/14/2011|7/15/2011|Submittted
251|Kenyon College|2011|July-Denver|Mark/John|Reviewed|A B C D|RMI|7/14/2011|7/15/2011|Submittted
252|King's College|2011|July-Denver|Mark/John|Reviewed|A B C D|RMI|7/14/2011|7/15/2011|Submittted
253|Knox College|2011|July-Denver|Mark/John|Reviewed|A B C D|RMI|7/14/2011|7/15/2011|Submittted
254|Knoxville College|2011|July-Denver|Mark/John|Reviewed|A B C D|RMI|7/14/2011|7/15/2011|Submittted
255|Kutztown University|2011|July-Denver|Mark/John|Reviewed|A B C D|RMI|7/14/2011|7/15/2011|Submittted
256|La Salle University|2011|July-Denver|Mark/John|Reviewed|A B C D|RMI|7/14/2011|7/15/2011|Submittted
257|Lafayette College|2011|July-Denver|Mark/John|Reviewed|A B C D|RMI|7/14/2011|7/15/2011|Submittted
258|Lake Forest College|2011|July-Denver|Mark/John|Reviewed|A B C D|RMI|7/14/2011|7/15/2011|Submittted
259|Lamar University|2011|July-Denver|Mark/John|Reviewed|A B C D|RMI|7/14/2011|7/15/2011|Submittted
260|Lane College|2011|July-Denver|Mark/John|Reviewed|A B C D|RMI|7/14/2011|7/15/2011|Submittted
261|Langston University|2011|July-Denver|Mark/John|Reviewed|A B C D|RMI|7/14/2011|7/15/2011|Submittted
262|Lawrence Technological University|2011|July-Denver|Mark/John|Reviewed|A B C D|RMI|7/14/2011|7/15/2011|Submittted
263|Lawrence University|2011|July-Denver|Mark/John|Reviewed|A B C D|RMI|7/14/2011|7/15/2011|Submittted
264|Le Moyne College|2011|July-Denver|Mark/John|Reviewed|A B C D|RMI|7/14/2011|7/15/2011|Submittted
265|Lebanon Valley College|2011|July-Denver|Mark/John|Reviewed|A B C D|RMI|7/14/2011|7/15/2011|Submittted
266|Lehigh University|2011|July-Denver|Mark/John|Reviewed|A B C D|RMI|7/14/2011|7/15/2011|Submittted
267|LeMoyne-Owen College|2011|July-Denver|Mark/John|Reviewed|A B C D|RMI|7/14/2011|7/15/2011|Submittted
268|Lewis and Clark College|2011|July-Denver|Mark/John|Reviewed|A B C D|RMI|7/14/2011|7/15/2011|Submittted
269|Lincoln University|2011|July-Denver|Mark/John|Reviewed|A B C D|RMI|7/14/2011|7/15/2011|Submittted
260|Lincoln University|2011|July-Denver|Mark/John|Reviewed|A B C D|RMI|7/14/2011|7/15/2011|Submittted
271|Lipscomb University|2011|July-Denver|Mark/John|Reviewed|A B C D|RMI|7/14/2011|7/15/2011|Submittted
272|Livingstone College|2011|July-Denver|Mark/John|Reviewed|A B C D|RMI|7/14/2011|7/15/2011|Submittted
273|Lock Haven University|2011|July-Denver|Mark/John|Reviewed|A B C D|RMI|7/14/2011|7/15/2011|Submittted
274|Long Island University, Brooklyn Campus|2011|July-Denver|Mark/John|Reviewed|A B C D|RMI|7/14/2011|7/15/2011|Submittted
275|Long Island University, C.W. Post Campus|2011|July-Denver|Mark/John|Reviewed|A B C D|RMI|7/14/2011|7/15/2011|Submittted
276|Loras College|2011|July-Denver|Mark/John|Reviewed|A B C D|RMI|7/14/2011|7/15/2011|Submittted
277|Louisiana State University|2011|July-Denver|Mark/John|Reviewed|A B C D|RMI|7/14/2011|7/15/2011|Submittted
278|Louisiana State University in Shreveport|2011|July-Denver|Mark/John|Reviewed|A B C D|RMI|7/14/2011|7/15/2011|Submittted
279|Louisiana Tech University|2011|July-Denver|Mark/John|Reviewed|A B C D|RMI|7/14/2011|7/15/2011|Submittted
280|Loyola College in Maryland|2011|July-Denver|Mark/John|Reviewed|A B C D|RMI|7/14/2011|7/15/2011|Submittted
281|Loyola Marymount University|2011|July-Denver|Mark/John|Reviewed|A B C D|RMI|7/14/2011|7/15/2011|Submittted
282|Loyola University Chicago|2011|July-Denver|Mark/John|Reviewed|A B C D|RMI|7/14/2011|7/15/2011|Submittted
283|Loyola University New Orleans|2011|July-Denver|Mark/John|Reviewed|A B C D|RMI|7/14/2011|7/15/2011|Submittted
284|Luther College|2011|July-Denver|Mark/John|Reviewed|A B C D|RMI|7/14/2011|7/15/2011|Submittted
285|Lycoming College|2011|July-Denver|Mark/John|Reviewed|A B C D|RMI|7/14/2011|7/15/2011|Submittted
286|Macalester College|2011|July-Denver|Mark/John|Reviewed|A B C D|RMI|7/14/2011|7/15/2011|Submittted
287|Manhattan College|2011|July-Denver|Mark/John|Reviewed|A B C D|RMI|7/14/2011|7/15/2011|Submittted
288|Mansfield University|2011|July-Denver|Mark/John|Reviewed|A B C D|RMI|7/14/2011|7/15/2011|Submittted
289|Marietta College|2011|July-Denver|Mark/John|Reviewed|A B C D|RMI|7/14/2011|7/15/2011|Submittted
290|Marist College|2011|July-Denver|Mark/John|Reviewed|A B C D|RMI|7/14/2011|7/15/2011|Submittted
291|Marquette University|2011|July-Denver|Mark/John|Reviewed|A B C D|RMI|7/14/2011|7/15/2011|Submittted
292|Marshall University|2011|July-Denver|Mark/John|Reviewed|A B C D|RMI|7/14/2011|7/15/2011|Submittted
293|Massachusetts Institute of Technology|2011|July-Denver|Mark/John|Reviewed|A B C D|RMI|7/14/2011|7/15/2011|Submittted
294|McDaniel College|2011|July-Denver|Mark/John|Reviewed|A B C D|RMI|7/14/2011|7/15/2011|Submittted
295|McNeese State University|2011|July-Denver|Mark/John|Reviewed|A B C D|RMI|7/14/2011|7/15/2011|Submittted
296|Mercer University|2011|July-Denver|Mark/John|Reviewed|A B C D|RMI|7/14/2011|7/15/2011|Submittted
297|Merrimack College|2011|July-Denver|Mark/John|Reviewed|A B C D|RMI|7/14/2011|7/15/2011|Submittted
298|Metropolitan State College of Denver|2011|July-Denver|Mark/John|Reviewed|A B C D|RMI|7/14/2011|7/15/2011|Submittted
299|Miami University|2011|July-Denver|Mark/John|Reviewed|A B C D|RMI|7/14/2011|7/15/2011|Submittted
300|Michigan State University|2011|July-Denver|Mark/John|Reviewed|A B C D|RMI|7/14/2011|7/15/2011|Submittted
301|Michigan Technological University|2011|July-Denver|Mark/John|Reviewed|A B C D|RMI|7/14/2011|7/15/2011|Submittted
302|Middle Tennessee State University|2011|July-Denver|Mark/John|Reviewed|A B C D|RMI|7/14/2011|7/15/2011|Submittted
303|Middlebury College|2011|July-Denver|Mark/John|Reviewed|A B C D|RMI|7/14/2011|7/15/2011|Submittted
304|Midwestern State University|2011|July-Denver|Mark/John|Reviewed|A B C D|RMI|7/14/2011|7/15/2011|Submittted
305|Miles College|2011|July-Denver|Mark/John|Reviewed|A B C D|RMI|7/14/2011|7/15/2011|Submittted
306|Millersville University|2011|July-Denver|Mark/John|Reviewed|A B C D|RMI|7/14/2011|7/15/2011|Submittted
307|Millikin University|2011|July-Denver|Mark/John|Reviewed|A B C D|RMI|7/14/2011|7/15/2011|Submittted
308|Millsaps College|2011|July-Denver|Mark/John|Reviewed|A B C D|RMI|7/14/2011|7/15/2011|Submittted
309|Minnesota State University Moorhead|2011|July-Denver|Mark/John|Reviewed|A B C D|RMI|7/14/2011|7/15/2011|Submittted
310|Minnesota State University, Mankato|2011|July-Denver|Mark/John|Reviewed|A B C D|RMI|7/14/2011|7/15/2011|Submittted
311|Mississippi College|2011|July-Denver|Mark/John|Reviewed|A B C D|RMI|7/14/2011|7/15/2011|Submittted
312|Mississippi State University|2011|July-Denver|Mark/John|Reviewed|A B C D|RMI|7/14/2011|7/15/2011|Submittted
313|Mississippi Valley State University|2011|July-Denver|Mark/John|Reviewed|A B C D|RMI|7/14/2011|7/15/2011|Submittted
314|Missouri State University|2011|July-Denver|Mark/John|Reviewed|A B C D|RMI|7/14/2011|7/15/2011|Submittted
315|Missouri University of Science and Technology|2011|July-Denver|Mark/John|Reviewed|A B C D|RMI|7/14/2011|7/15/2011|Submittted
316|Missouri Western State University|2011|July-Denver|Mark/John|Reviewed|A B C D|RMI|7/14/2011|7/15/2011|Submittted
317|Monmouth University|2011|July-Denver|Mark/John|Reviewed|A B C D|RMI|7/14/2011|7/15/2011|Submittted
318|Montana State University|2011|July-Denver|Mark/John|Reviewed|A B C D|RMI|7/14/2011|7/15/2011|Submittted
319|Montana Tech of the University of Montana|2011|July-Denver|Mark/John|Reviewed|A B C D|RMI|7/14/2011|7/15/2011|Submittted
320|Montclair State University|2011|July-Denver|Mark/John|Reviewed|A B C D|RMI|7/14/2011|7/15/2011|Submittted
321|Moravian College|2011|July-Denver|Mark/John|Reviewed|A B C D|RMI|7/14/2011|7/15/2011|Submittted
322|Morehouse College|2011|July-Denver|Mark/John|Reviewed|A B C D|RMI|7/14/2011|7/15/2011|Submittted
323|Morgan State University|2011|July-Denver|Mark/John|Reviewed|A B C D|RMI|7/14/2011|7/15/2011|Submittted
324|Mount Holyoke College|2011|July-Denver|Mark/John|Reviewed|A B C D|RMI|7/14/2011|7/15/2011|Submittted
325|Muhlenberg College|2011|July-Denver|Mark/John|Reviewed|A B C D|RMI|7/14/2011|7/15/2011|Submittted
326|Murray State University|2011|July-Denver|Mark/John|Reviewed|A B C D|RMI|7/14/2011|7/15/2011|Submittted
327|Muskingum College|2011|July-Denver|Mark/John|Reviewed|A B C D|RMI|7/14/2011|7/15/2011|Submittted
328|Nazareth College of Rochester|2011|July-Denver|Mark/John|Reviewed|A B C D|RMI|7/14/2011|7/15/2011|Submittted
329|Nebraska Wesleyan University|2011|July-Denver|Mark/John|Reviewed|A B C D|RMI|7/14/2011|7/15/2011|Submittted
330|New Mexico Highlands University|2011|July-Denver|Mark/John|Reviewed|A B C D|RMI|7/14/2011|7/15/2011|Submittted
331|New Mexico Institute of Mining and Technology|2011|July-Denver|Mark/John|Reviewed|A B C D|RMI|7/14/2011|7/15/2011|Submittted
332|New Mexico State University|2011|July-Denver|Mark/John|Reviewed|A B C D|RMI|7/14/2011|7/15/2011|Submittted
333|New York University|2011|July-Denver|Mark/John|Reviewed|A B C D|RMI|7/14/2011|7/15/2011|Submittted
334|Niagara University|2011|July-Denver|Mark/John|Reviewed|A B C D|RMI|7/14/2011|7/15/2011|Submittted
335|Nicholls State University|2011|July-Denver|Mark/John|Reviewed|A B C D|RMI|7/14/2011|7/15/2011|Submittted
336|Norfolk State University|2011|July-Denver|Mark/John|Reviewed|A B C D|RMI|7/14/2011|7/15/2011|Submittted
337|North Carolina A&T State University|2011|July-Denver|Mark/John|Reviewed|A B C D|RMI|7/14/2011|7/15/2011|Submittted
338|North Carolina Central University|2011|July-Denver|Mark/John|Reviewed|A B C D|RMI|7/14/2011|7/15/2011|Submittted
339|North Carolina State University|2011|July-Denver|Mark/John|Reviewed|A B C D|RMI|7/14/2011|7/15/2011|Submittted
340|North Central College|2011|July-Denver|Mark/John|Reviewed|A B C D|RMI|7/14/2011|7/15/2011|Submittted
341|North Dakota State University|2011|July-Denver|Mark/John|Reviewed|A B C D|RMI|7/14/2011|7/15/2011|Submittted
342|Northeastern Illinois University|2011|July-Denver|Mark/John|Reviewed|A B C D|RMI|7/14/2011|7/15/2011|Submittted
343|Northeastern University|2011|July-Denver|Mark/John|Reviewed|A B C D|RMI|7/14/2011|7/15/2011|Submittted
344|Northern Arizona University|2011|July-Denver|Mark/John|Reviewed|A B C D|RMI|7/14/2011|7/15/2011|Submittted
345|Northern Illinois University|2011|July-Denver|Mark/John|Reviewed|A B C D|RMI|7/14/2011|7/15/2011|Submittted
346|Northern Kentucky University|2011|July-Denver|Mark/John|Reviewed|A B C D|RMI|7/14/2011|7/15/2011|Submittted
347|Northern Michigan University|2011|July-Denver|Mark/John|Reviewed|A B C D|RMI|7/14/2011|7/15/2011|Submittted
348|Northwest Missouri State University|2011|July-Denver|Mark/John|Reviewed|A B C D|RMI|7/14/2011|7/15/2011|Submittted
349|Northwestern State University|2011|July-Denver|Mark/John|Reviewed|A B C D|RMI|7/14/2011|7/15/2011|Submittted
350|Northwestern University|2011|July-Denver|Mark/John|Reviewed|A B C D|RMI|7/14/2011|7/15/2011|Submittted
351|Oakland University|2011|July-Denver|Mark/John|Reviewed|A B C D|RMI|7/14/2011|7/15/2011|Submittted
352|Oakwood College|2011|July-Denver|Mark/John|Reviewed|A B C D|RMI|7/14/2011|7/15/2011|Submittted
353|Oberlin College|2011|July-Denver|Mark/John|Reviewed|A B C D|RMI|7/14/2011|7/15/2011|Submittted
354|Occidental College|2011|July-Denver|Mark/John|Reviewed|A B C D|RMI|7/14/2011|7/15/2011|Submittted
355|Ohio Northern University|2011|July-Denver|Mark/John|Reviewed|A B C D|RMI|7/14/2011|7/15/2011|Submittted
356|Ohio University|2011|July-Denver|Mark/John|Reviewed|A B C D|RMI|7/14/2011|7/15/2011|Submittted
357|Ohio Wesleyan University|2011|July-Denver|Mark/John|Reviewed|A B C D|RMI|7/14/2011|7/15/2011|Submittted
358|Oklahoma State University|2011|July-Denver|Mark/John|Reviewed|A B C D|RMI|7/14/2011|7/15/2011|Submittted
359|Old Dominion University|2011|July-Denver|Mark/John|Reviewed|A B C D|RMI|7/14/2011|7/15/2011|Submittted
360|Oregon State University|2011|July-Denver|Mark/John|Reviewed|A B C D|RMI|7/14/2011|7/15/2011|Submittted
361|Otterbein College|2011|July-Denver|Mark/John|Reviewed|A B C D|RMI|7/14/2011|7/15/2011|Submittted
362|Pace University|2011|July-Denver|Mark/John|Reviewed|A B C D|RMI|7/14/2011|7/15/2011|Submittted
363|Pace University, Pleasantville Campus|2011|July-Denver|Mark/John|Reviewed|A B C D|RMI|7/14/2011|7/15/2011|Submittted
364|Pacific Lutheran University|2011|July-Denver|Mark/John|Reviewed|A B C D|RMI|7/14/2011|7/15/2011|Submittted
365|Paine College|2011|July-Denver|Mark/John|Reviewed|A B C D|RMI|7/14/2011|7/15/2011|Submittted
366|Penn State Erie, The Behrend College|2011|July-Denver|Mark/John|Reviewed|A B C D|RMI|7/14/2011|7/15/2011|Submittted
367|Pennsylvania State University|2011|July-Denver|Mark/John|Reviewed|A B C D|RMI|7/14/2011|7/15/2011|Submittted
368|Philadelphia University|2011|July-Denver|Mark/John|Reviewed|A B C D|RMI|7/14/2011|7/15/2011|Submittted
369|Philander Smith College|2011|July-Denver|Mark/John|Reviewed|A B C D|RMI|7/14/2011|7/15/2011|Submittted
360|Pittsburg State University|2011|July-Denver|Mark/John|Reviewed|A B C D|RMI|7/14/2011|7/15/2011|Submittted
371|Polytechnic Institute of NYU|2011|July-Denver|Mark/John|Reviewed|A B C D|RMI|7/14/2011|7/15/2011|Submittted
372|Pomona College|2011|July-Denver|Mark/John|Reviewed|A B C D|RMI|7/14/2011|7/15/2011|Submittted
373|Portland State University|2011|July-Denver|Mark/John|Reviewed|A B C D|RMI|7/14/2011|7/15/2011|Submittted
374|Prairie View A&M University|2011|July-Denver|Mark/John|Reviewed|A B C D|RMI|7/14/2011|7/15/2011|Submittted
375|Princeton University|2011|July-Denver|Mark/John|Reviewed|A B C D|RMI|7/14/2011|7/15/2011|Submittted
376|Providence College|2011|July-Denver|Mark/John|Reviewed|A B C D|RMI|7/14/2011|7/15/2011|Submittted
377|Purdue University|2011|July-Denver|Mark/John|Reviewed|A B C D|RMI|7/14/2011|7/15/2011|Submittted
378|Purdue University Calumet|2011|July-Denver|Mark/John|Reviewed|A B C D|RMI|7/14/2011|7/15/2011|Submittted
379|Ramapo College of New Jersey|2011|July-Denver|Mark/John|Reviewed|A B C D|RMI|7/14/2011|7/15/2011|Submittted
380|Randolph College|2011|July-Denver|Mark/John|Reviewed|A B C D|RMI|7/14/2011|7/15/2011|Submittted
381|Randolph-Macon College|2011|July-Denver|Mark/John|Reviewed|A B C D|RMI|7/14/2011|7/15/2011|Submittted
382|Reed College|2011|July-Denver|Mark/John|Reviewed|A B C D|RMI|7/14/2011|7/15/2011|Submittted
383|Regis University|2011|July-Denver|Mark/John|Reviewed|A B C D|RMI|7/14/2011|7/15/2011|Submittted
384|Rensselaer Polytechnic Institute|2011|July-Denver|Mark/John|Reviewed|A B C D|RMI|7/14/2011|7/15/2011|Submittted
385|Rhode Island College|2011|July-Denver|Mark/John|Reviewed|A B C D|RMI|7/14/2011|7/15/2011|Submittted
386|Rhodes College|2011|July-Denver|Mark/John|Reviewed|A B C D|RMI|7/14/2011|7/15/2011|Submittted
387|Rice University|2011|July-Denver|Mark/John|Reviewed|A B C D|RMI|7/14/2011|7/15/2011|Submittted
388|Richard Stockton College of New Jersey|2011|July-Denver|Mark/John|Reviewed|A B C D|RMI|7/14/2011|7/15/2011|Submittted
389|Rider University|2011|July-Denver|Mark/John|Reviewed|A B C D|RMI|7/14/2011|7/15/2011|Submittted
390|Ripon College|2011|July-Denver|Mark/John|Reviewed|A B C D|RMI|7/14/2011|7/15/2011|Submittted
391|Roanoke College|2011|July-Denver|Mark/John|Reviewed|A B C D|RMI|7/14/2011|7/15/2011|Submittted
392|Rochester Institute of Technology|2011|July-Denver|Mark/John|Reviewed|A B C D|RMI|7/14/2011|7/15/2011|Submittted
393|Rockford College|2011|July-Denver|Mark/John|Reviewed|A B C D|RMI|7/14/2011|7/15/2011|Submittted
394|Roger Williams University|2011|July-Denver|Mark/John|Reviewed|A B C D|RMI|7/14/2011|7/15/2011|Submittted
395|Rollins College|2011|July-Denver|Mark/John|Reviewed|A B C D|RMI|7/14/2011|7/15/2011|Submittted
396|Roosevelt University|2011|July-Denver|Mark/John|Reviewed|A B C D|RMI|7/14/2011|7/15/2011|Submittted
397|Rose-Hulman Institute of Technology|2011|July-Denver|Mark/John|Reviewed|A B C D|RMI|7/14/2011|7/15/2011|Submittted
398|Rowan University|2011|July-Denver|Mark/John|Reviewed|A B C D|RMI|7/14/2011|7/15/2011|Submittted
399|Russell Sage College|2011|July-Denver|Mark/John|Reviewed|A B C D|RMI|7/14/2011|7/15/2011|Submittted
400|Rust College|2011|July-Denver|Mark/John|Reviewed|A B C D|RMI|7/14/2011|7/15/2011|Submittted
401|Rutgers the State University of New Jersey, Camden Campus|2011|July-Denver|Mark/John|Reviewed|A B C D|RMI|7/14/2011|7/15/2011|Submittted
402|Rutgers the State University of New Jersey, New Brunswick|2011|July-Denver|Mark/John|Reviewed|A B C D|RMI|7/14/2011|7/15/2011|Submittted
403|Rutgers the State University of New Jersey, Newark Campus|2011|July-Denver|Mark/John|Reviewed|A B C D|RMI|7/14/2011|7/15/2011|Submittted
404|Saginaw Valley State University|2011|July-Denver|Mark/John|Reviewed|A B C D|RMI|7/14/2011|7/15/2011|Submittted
405|Saint Anselm College|2011|July-Denver|Mark/John|Reviewed|A B C D|RMI|7/14/2011|7/15/2011|Submittted
406|Saint Joseph College|2011|July-Denver|Mark/John|Reviewed|A B C D|RMI|7/14/2011|7/15/2011|Submittted
407|Saint Joseph's University|2011|July-Denver|Mark/John|Reviewed|A B C D|RMI|7/14/2011|7/15/2011|Submittted
408|Saint Louis University|2011|July-Denver|Mark/John|Reviewed|A B C D|RMI|7/14/2011|7/15/2011|Submittted
409|Saint Mary's College|2011|July-Denver|Mark/John|Reviewed|A B C D|RMI|7/14/2011|7/15/2011|Submittted
410|Saint Michael's College|2011|July-Denver|Mark/John|Reviewed|A B C D|RMI|7/14/2011|7/15/2011|Submittted
411|Saint Olaf College|2011|July-Denver|Mark/John|Reviewed|A B C D|RMI|7/14/2011|7/15/2011|Submittted
412|Saint Peter's College|2011|July-Denver|Mark/John|Reviewed|A B C D|RMI|7/14/2011|7/15/2011|Submittted
413|Saint Philip's College|2011|July-Denver|Mark/John|Reviewed|A B C D|RMI|7/14/2011|7/15/2011|Submittted
414|Saint Vincent College|2011|July-Denver|Mark/John|Reviewed|A B C D|RMI|7/14/2011|7/15/2011|Submittted
415|Salem State College|2011|July-Denver|Mark/John|Reviewed|A B C D|RMI|7/14/2011|7/15/2011|Submittted
416|Salisbury University|2011|July-Denver|Mark/John|Reviewed|A B C D|RMI|7/14/2011|7/15/2011|Submittted
417|Sam Houston State University|2011|July-Denver|Mark/John|Reviewed|A B C D|RMI|7/14/2011|7/15/2011|Submittted
418|San Diego State University|2011|July-Denver|Mark/John|Reviewed|A B C D|RMI|7/14/2011|7/15/2011|Submittted
419|San Francisco State University|2011|July-Denver|Mark/John|Reviewed|A B C D|RMI|7/14/2011|7/15/2011|Submittted
420|San Jose State University|2011|July-Denver|Mark/John|Reviewed|A B C D|RMI|7/14/2011|7/15/2011|Submittted
421|Santa Clara University|2011|July-Denver|Mark/John|Reviewed|A B C D|RMI|7/14/2011|7/15/2011|Submittted
422|Savannah State University|2011|July-Denver|Mark/John|Reviewed|A B C D|RMI|7/14/2011|7/15/2011|Submittted
423|Seattle University|2011|July-Denver|Mark/John|Reviewed|A B C D|RMI|7/14/2011|7/15/2011|Submittted
424|Seton Hall University|2011|July-Denver|Mark/John|Reviewed|A B C D|RMI|7/14/2011|7/15/2011|Submittted
425|Seton Hill University|2011|July-Denver|Mark/John|Reviewed|A B C D|RMI|7/14/2011|7/15/2011|Submittted
426|Shaw University|2011|July-Denver|Mark/John|Reviewed|A B C D|RMI|7/14/2011|7/15/2011|Submittted
427|Shippensburg University|2011|July-Denver|Mark/John|Reviewed|A B C D|RMI|7/14/2011|7/15/2011|Submittted
428|Siena College|2011|July-Denver|Mark/John|Reviewed|A B C D|RMI|7/14/2011|7/15/2011|Submittted
429|Simmons College|2011|July-Denver|Mark/John|Reviewed|A B C D|RMI|7/14/2011|7/15/2011|Submittted
430|Skidmore College|2011|July-Denver|Mark/John|Reviewed|A B C D|RMI|7/14/2011|7/15/2011|Submittted
431|Smith College|2011|July-Denver|Mark/John|Reviewed|A B C D|RMI|7/14/2011|7/15/2011|Submittted
432|Sonoma State University|2011|July-Denver|Mark/John|Reviewed|A B C D|RMI|7/14/2011|7/15/2011|Submittted
433|South Carolina State University|2011|July-Denver|Mark/John|Reviewed|A B C D|RMI|7/14/2011|7/15/2011|Submittted
434|South Dakota School of Mines and Technology|2011|July-Denver|Mark/John|Reviewed|A B C D|RMI|7/14/2011|7/15/2011|Submittted
435|South Dakota State University|2011|July-Denver|Mark/John|Reviewed|A B C D|RMI|7/14/2011|7/15/2011|Submittted
436|Southeast Missouri State University|2011|July-Denver|Mark/John|Reviewed|A B C D|RMI|7/14/2011|7/15/2011|Submittted
437|Southeastern Louisiana University|2011|July-Denver|Mark/John|Reviewed|A B C D|RMI|7/14/2011|7/15/2011|Submittted
438|Southern Connecticut State University|2011|July-Denver|Mark/John|Reviewed|A B C D|RMI|7/14/2011|7/15/2011|Submittted
439|Southern Illinois University Carbondale|2011|July-Denver|Mark/John|Reviewed|A B C D|RMI|7/14/2011|7/15/2011|Submittted
440|Southern Illinois University Edwardsville|2011|July-Denver|Mark/John|Reviewed|A B C D|RMI|7/14/2011|7/15/2011|Submittted
441|Southern Methodist University|2011|July-Denver|Mark/John|Reviewed|A B C D|RMI|7/14/2011|7/15/2011|Submittted
442|Southern Oregon University|2011|July-Denver|Mark/John|Reviewed|A B C D|RMI|7/14/2011|7/15/2011|Submittted
443|Southern University and A&M College|2011|July-Denver|Mark/John|Reviewed|A B C D|RMI|7/14/2011|7/15/2011|Submittted
444|Southern University at New Orleans|2011|July-Denver|Mark/John|Reviewed|A B C D|RMI|7/14/2011|7/15/2011|Submittted
445|Southwest Minnesota State University|2011|July-Denver|Mark/John|Reviewed|A B C D|RMI|7/14/2011|7/15/2011|Submittted
446|Southwestern Oklahoma State University|2011|July-Denver|Mark/John|Reviewed|A B C D|RMI|7/14/2011|7/15/2011|Submittted
447|Southwestern University|2011|July-Denver|Mark/John|Reviewed|A B C D|RMI|7/14/2011|7/15/2011|Submittted
448|Spelman College|2011|July-Denver|Mark/John|Reviewed|A B C D|RMI|7/14/2011|7/15/2011|Submittted
449|St. Augustine's College|2011|July-Denver|Mark/John|Reviewed|A B C D|RMI|7/14/2011|7/15/2011|Submittted
450|St. Cloud State University|2011|July-Denver|Mark/John|Reviewed|A B C D|RMI|7/14/2011|7/15/2011|Submittted
451|St. John Fisher College|2011|July-Denver|Mark/John|Reviewed|A B C D|RMI|7/14/2011|7/15/2011|Submittted
452|St. John's University|2011|July-Denver|Mark/John|Reviewed|A B C D|RMI|7/14/2011|7/15/2011|Submittted
453|St. Lawrence University|2011|July-Denver|Mark/John|Reviewed|A B C D|RMI|7/14/2011|7/15/2011|Submittted
454|St. Mary's College of Maryland|2011|July-Denver|Mark/John|Reviewed|A B C D|RMI|7/14/2011|7/15/2011|Submittted
455|Stanford University|2011|July-Denver|Mark/John|Reviewed|A B C D|RMI|7/14/2011|7/15/2011|Submittted
456|State University of New York at Albany|2011|July-Denver|Mark/John|Reviewed|A B C D|RMI|7/14/2011|7/15/2011|Submittted
457|State University of New York at Binghamton|2011|July-Denver|Mark/John|Reviewed|A B C D|RMI|7/14/2011|7/15/2011|Submittted
458|State University of New York at New Paltz|2011|July-Denver|Mark/John|Reviewed|A B C D|RMI|7/14/2011|7/15/2011|Submittted
459|State University of New York at Stony Brook|2011|July-Denver|Mark/John|Reviewed|A B C D|RMI|7/14/2011|7/15/2011|Submittted
460|State University of New York, College at Brockport|2011|July-Denver|Mark/John|Reviewed|A B C D|RMI|7/14/2011|7/15/2011|Submittted
461|State University of New York, College at Buffalo|2011|July-Denver|Mark/John|Reviewed|A B C D|RMI|7/14/2011|7/15/2011|Submittted
462|State University of New York, College at Cortland|2011|July-Denver|Mark/John|Reviewed|A B C D|RMI|7/14/2011|7/15/2011|Submittted
463|State University of New York, College at Fredonia|2011|July-Denver|Mark/John|Reviewed|A B C D|RMI|7/14/2011|7/15/2011|Submittted
464|State University of New York, College at Geneseo|2011|July-Denver|Mark/John|Reviewed|A B C D|RMI|7/14/2011|7/15/2011|Submittted
465|State University of New York, College at Old Westbury|2011|July-Denver|Mark/John|Reviewed|A B C D|RMI|7/14/2011|7/15/2011|Submittted
466|State University of New York, College at Oneonta|2011|July-Denver|Mark/John|Reviewed|A B C D|RMI|7/14/2011|7/15/2011|Submittted
467|State University of New York, College at Oswego|2011|July-Denver|Mark/John|Reviewed|A B C D|RMI|7/14/2011|7/15/2011|Submittted
468|State University of New York, College at Plattsburgh|2011|July-Denver|Mark/John|Reviewed|A B C D|RMI|7/14/2011|7/15/2011|Submittted
469|State University of New York, College at Potsdam|2011|July-Denver|Mark/John|Reviewed|A B C D|RMI|7/14/2011|7/15/2011|Submittted
460|State University of New York, College at Purchase|2011|July-Denver|Mark/John|Reviewed|A B C D|RMI|7/14/2011|7/15/2011|Submittted
471|Stephen F. Austin State University|2011|July-Denver|Mark/John|Reviewed|A B C D|RMI|7/14/2011|7/15/2011|Submittted
472|Stetson University|2011|July-Denver|Mark/John|Reviewed|A B C D|RMI|7/14/2011|7/15/2011|Submittted
473|Stevens Institute of Technology|2011|July-Denver|Mark/John|Reviewed|A B C D|RMI|7/14/2011|7/15/2011|Submittted
474|Stonehill College|2011|July-Denver|Mark/John|Reviewed|A B C D|RMI|7/14/2011|7/15/2011|Submittted
475|Suffolk University|2011|July-Denver|Mark/John|Reviewed|A B C D|RMI|7/14/2011|7/15/2011|Submittted
476|Susquehanna University|2011|July-Denver|Mark/John|Reviewed|A B C D|RMI|7/14/2011|7/15/2011|Submittted
477|Swarthmore College|2011|July-Denver|Mark/John|Reviewed|A B C D|RMI|7/14/2011|7/15/2011|Submittted
478|Syracuse University|2011|July-Denver|Mark/John|Reviewed|A B C D|RMI|7/14/2011|7/15/2011|Submittted
479|Talladega College|2011|July-Denver|Mark/John|Reviewed|A B C D|RMI|7/14/2011|7/15/2011|Submittted
480|Temple University|2011|July-Denver|Mark/John|Reviewed|A B C D|RMI|7/14/2011|7/15/2011|Submittted
481|Tennessee State University|2011|July-Denver|Mark/John|Reviewed|A B C D|RMI|7/14/2011|7/15/2011|Submittted
482|Tennessee State University|2011|July-Denver|Mark/John|Reviewed|A B C D|RMI|7/14/2011|7/15/2011|Submittted
483|Tennessee Technological University|2011|July-Denver|Mark/John|Reviewed|A B C D|RMI|7/14/2011|7/15/2011|Submittted
484|Texas A&M University|2011|July-Denver|Mark/John|Reviewed|A B C D|RMI|7/14/2011|7/15/2011|Submittted
485|Texas A&M University-Commerce|2011|July-Denver|Mark/John|Reviewed|A B C D|RMI|7/14/2011|7/15/2011|Submittted
486|Texas A&M University-Kingsville|2011|July-Denver|Mark/John|Reviewed|A B C D|RMI|7/14/2011|7/15/2011|Submittted
487|Texas Christian University|2011|July-Denver|Mark/John|Reviewed|A B C D|RMI|7/14/2011|7/15/2011|Submittted
488|Texas Southern University|2011|July-Denver|Mark/John|Reviewed|A B C D|RMI|7/14/2011|7/15/2011|Submittted
489|Texas State University-San Marcos|2011|July-Denver|Mark/John|Reviewed|A B C D|RMI|7/14/2011|7/15/2011|Submittted
490|Texas Tech University|2011|July-Denver|Mark/John|Reviewed|A B C D|RMI|7/14/2011|7/15/2011|Submittted
491|Texas Woman's University|2011|July-Denver|Mark/John|Reviewed|A B C D|RMI|7/14/2011|7/15/2011|Submittted
492|The Citadel|2011|July-Denver|Mark/John|Reviewed|A B C D|RMI|7/14/2011|7/15/2011|Submittted
493|The Ohio State University|2011|July-Denver|Mark/John|Reviewed|A B C D|RMI|7/14/2011|7/15/2011|Submittted
494|The University of Akron|2011|July-Denver|Mark/John|Reviewed|A B C D|RMI|7/14/2011|7/15/2011|Submittted
495|The University of Memphis|2011|July-Denver|Mark/John|Reviewed|A B C D|RMI|7/14/2011|7/15/2011|Submittted
496|The University of Montana - Missoula|2011|July-Denver|Mark/John|Reviewed|A B C D|RMI|7/14/2011|7/15/2011|Submittted
497|The University of Southern Mississippi|2011|July-Denver|Mark/John|Reviewed|A B C D|RMI|7/14/2011|7/15/2011|Submittted
498|The University of Texas at Tyler|2011|July-Denver|Mark/John|Reviewed|A B C D|RMI|7/14/2011|7/15/2011|Submittted
499|Thiel College|2011|July-Denver|Mark/John|Reviewed|A B C D|RMI|7/14/2011|7/15/2011|Submittted
500|Tougaloo College|2011|July-Denver|Mark/John|Reviewed|A B C D|RMI|7/14/2011|7/15/2011|Submittted
501|Towson University|2011|July-Denver|Mark/John|Reviewed|A B C D|RMI|7/14/2011|7/15/2011|Submittted
502|Trinity College|2011|July-Denver|Mark/John|Reviewed|A B C D|RMI|7/14/2011|7/15/2011|Submittted
503|Trinity University|2011|July-Denver|Mark/John|Reviewed|A B C D|RMI|7/14/2011|7/15/2011|Submittted
504|Truman State University|2011|July-Denver|Mark/John|Reviewed|A B C D|RMI|7/14/2011|7/15/2011|Submittted
505|Tufts University|2011|July-Denver|Mark/John|Reviewed|A B C D|RMI|7/14/2011|7/15/2011|Submittted
506|Tulane University|2011|July-Denver|Mark/John|Reviewed|A B C D|RMI|7/14/2011|7/15/2011|Submittted
507|Tuskegee University|2011|July-Denver|Mark/John|Reviewed|A B C D|RMI|7/14/2011|7/15/2011|Submittted
508|Union College|2011|July-Denver|Mark/John|Reviewed|A B C D|RMI|7/14/2011|7/15/2011|Submittted
509|Union University|2011|July-Denver|Mark/John|Reviewed|A B C D|RMI|7/14/2011|7/15/2011|Submittted
510|United States Air Force Academy|2011|July-Denver|Mark/John|Reviewed|A B C D|RMI|7/14/2011|7/15/2011|Submittted
511|United States Naval Academy|2011|July-Denver|Mark/John|Reviewed|A B C D|RMI|7/14/2011|7/15/2011|Submittted
512|University at Buffalo, The State University of New York|2011|July-Denver|Mark/John|Reviewed|A B C D|RMI|7/14/2011|7/15/2011|Submittted
513|University of Alabama|2011|July-Denver|Mark/John|Reviewed|A B C D|RMI|7/14/2011|7/15/2011|Submittted
514|University of Alabama, at Birmingham|2011|July-Denver|Mark/John|Reviewed|A B C D|RMI|7/14/2011|7/15/2011|Submittted
515|University of Alabama, in Huntsville|2011|July-Denver|Mark/John|Reviewed|A B C D|RMI|7/14/2011|7/15/2011|Submittted
516|University of Alaska Fairbanks|2011|July-Denver|Mark/John|Reviewed|A B C D|RMI|7/14/2011|7/15/2011|Submittted
517|University of Arizona|2011|July-Denver|Mark/John|Reviewed|A B C D|RMI|7/14/2011|7/15/2011|Submittted
518|University of Arkansas at Pine Bluff|2011|July-Denver|Mark/John|Reviewed|A B C D|RMI|7/14/2011|7/15/2011|Submittted
519|University of Arkansas, at Little Rock|2011|July-Denver|Mark/John|Reviewed|A B C D|RMI|7/14/2011|7/15/2011|Submittted
520|University of Arkansas, Fayetteville|2011|July-Denver|Mark/John|Reviewed|A B C D|RMI|7/14/2011|7/15/2011|Submittted
521|University of California, Berkeley|2011|July-Denver|Mark/John|Reviewed|A B C D|RMI|7/14/2011|7/15/2011|Submittted
522|University of California, Davis|2011|July-Denver|Mark/John|Reviewed|A B C D|RMI|7/14/2011|7/15/2011|Submittted
523|University of California, Irvine|2011|July-Denver|Mark/John|Reviewed|A B C D|RMI|7/14/2011|7/15/2011|Submittted
524|University of California, Los Angeles|2011|July-Denver|Mark/John|Reviewed|A B C D|RMI|7/14/2011|7/15/2011|Submittted
525|University of California, Riverside|2011|July-Denver|Mark/John|Reviewed|A B C D|RMI|7/14/2011|7/15/2011|Submittted
526|University of California, San Diego|2011|July-Denver|Mark/John|Reviewed|A B C D|RMI|7/14/2011|7/15/2011|Submittted
527|University of California, Santa Barbara|2011|July-Denver|Mark/John|Reviewed|A B C D|RMI|7/14/2011|7/15/2011|Submittted
528|University of California, Santa Cruz|2011|July-Denver|Mark/John|Reviewed|A B C D|RMI|7/14/2011|7/15/2011|Submittted
529|University of Central Arkansas|2011|July-Denver|Mark/John|Reviewed|A B C D|RMI|7/14/2011|7/15/2011|Submittted
530|University of Central Florida|2011|July-Denver|Mark/John|Reviewed|A B C D|RMI|7/14/2011|7/15/2011|Submittted
531|University of Central Missouri|2011|July-Denver|Mark/John|Reviewed|A B C D|RMI|7/14/2011|7/15/2011|Submittted
532|University of Central Oklahoma|2011|July-Denver|Mark/John|Reviewed|A B C D|RMI|7/14/2011|7/15/2011|Submittted
533|University of Chicago|2011|July-Denver|Mark/John|Reviewed|A B C D|RMI|7/14/2011|7/15/2011|Submittted
534|University of Cincinnati|2011|July-Denver|Mark/John|Reviewed|A B C D|RMI|7/14/2011|7/15/2011|Submittted
535|University of Colorado at Boulder|2011|July-Denver|Mark/John|Reviewed|A B C D|RMI|7/14/2011|7/15/2011|Submittted
536|University of Colorado at Colorado Springs|2011|July-Denver|Mark/John|Reviewed|A B C D|RMI|7/14/2011|7/15/2011|Submittted
537|University of Colorado Denver|2011|July-Denver|Mark/John|Reviewed|A B C D|RMI|7/14/2011|7/15/2011|Submittted
538|University of Connecticut|2011|July-Denver|Mark/John|Reviewed|A B C D|RMI|7/14/2011|7/15/2011|Submittted
539|University of Dayton|2011|July-Denver|Mark/John|Reviewed|A B C D|RMI|7/14/2011|7/15/2011|Submittted
540|University of Delaware|2011|July-Denver|Mark/John|Reviewed|A B C D|RMI|7/14/2011|7/15/2011|Submittted
541|University of Denver|2011|July-Denver|Mark/John|Reviewed|A B C D|RMI|7/14/2011|7/15/2011|Submittted
542|University of Detroit Mercy|2011|July-Denver|Mark/John|Reviewed|A B C D|RMI|7/14/2011|7/15/2011|Submittted
543|University of Evansville|2011|July-Denver|Mark/John|Reviewed|A B C D|RMI|7/14/2011|7/15/2011|Submittted
544|University of Florida|2011|July-Denver|Mark/John|Reviewed|A B C D|RMI|7/14/2011|7/15/2011|Submittted
545|University of Georgia|2011|July-Denver|Mark/John|Reviewed|A B C D|RMI|7/14/2011|7/15/2011|Submittted
546|University of Hartford|2011|July-Denver|Mark/John|Reviewed|A B C D|RMI|7/14/2011|7/15/2011|Submittted
547|University of Hawai'i at Manoa|2011|July-Denver|Mark/John|Reviewed|A B C D|RMI|7/14/2011|7/15/2011|Submittted
548|University of Houston|2011|July-Denver|Mark/John|Reviewed|A B C D|RMI|7/14/2011|7/15/2011|Submittted
549|University of Houston-Clear Lake|2011|July-Denver|Mark/John|Reviewed|A B C D|RMI|7/14/2011|7/15/2011|Submittted
550|University of Houston-Downtown|2011|July-Denver|Mark/John|Reviewed|A B C D|RMI|7/14/2011|7/15/2011|Submittted
551|University of Idaho|2011|July-Denver|Mark/John|Reviewed|A B C D|RMI|7/14/2011|7/15/2011|Submittted
552|University of Illinois, at Chicago|2011|July-Denver|Mark/John|Reviewed|A B C D|RMI|7/14/2011|7/15/2011|Submittted
553|University of Illinois, at Springfield|2011|July-Denver|Mark/John|Reviewed|A B C D|RMI|7/14/2011|7/15/2011|Submittted
554|University of Illinois, at Urbana-Champaign|2011|July-Denver|Mark/John|Reviewed|A B C D|RMI|7/14/2011|7/15/2011|Submittted
555|University of Iowa|2011|July-Denver|Mark/John|Reviewed|A B C D|RMI|7/14/2011|7/15/2011|Submittted
556|University of Kansas|2011|July-Denver|Mark/John|Reviewed|A B C D|RMI|7/14/2011|7/15/2011|Submittted
557|University of Kentucky|2011|July-Denver|Mark/John|Reviewed|A B C D|RMI|7/14/2011|7/15/2011|Submittted
558|University of Louisiana at Lafayette|2011|July-Denver|Mark/John|Reviewed|A B C D|RMI|7/14/2011|7/15/2011|Submittted
559|University of Louisiana at Monroe|2011|July-Denver|Mark/John|Reviewed|A B C D|RMI|7/14/2011|7/15/2011|Submittted
560|University of Louisville|2011|July-Denver|Mark/John|Reviewed|A B C D|RMI|7/14/2011|7/15/2011|Submittted
561|University of Maine|2011|July-Denver|Mark/John|Reviewed|A B C D|RMI|7/14/2011|7/15/2011|Submittted
562|University of Maryland Baltimore County|2011|July-Denver|Mark/John|Reviewed|A B C D|RMI|7/14/2011|7/15/2011|Submittted
563|University of Maryland College Park|2011|July-Denver|Mark/John|Reviewed|A B C D|RMI|7/14/2011|7/15/2011|Submittted
564|University of Maryland Eastern Shore|2011|July-Denver|Mark/John|Reviewed|A B C D|RMI|7/14/2011|7/15/2011|Submittted
565|University of Massachusetts-Amherst|2011|July-Denver|Mark/John|Reviewed|A B C D|RMI|7/14/2011|7/15/2011|Submittted
566|University of Massachusetts-Boston|2011|July-Denver|Mark/John|Reviewed|A B C D|RMI|7/14/2011|7/15/2011|Submittted
567|University of Massachusetts-Dartmouth|2011|July-Denver|Mark/John|Reviewed|A B C D|RMI|7/14/2011|7/15/2011|Submittted
568|University of Massachusetts-Lowell|2011|July-Denver|Mark/John|Reviewed|A B C D|RMI|7/14/2011|7/15/2011|Submittted
569|University of Miami|2011|July-Denver|Mark/John|Reviewed|A B C D|RMI|7/14/2011|7/15/2011|Submittted
560|University of Michigan, Ann Arbor|2011|July-Denver|Mark/John|Reviewed|A B C D|RMI|7/14/2011|7/15/2011|Submittted
571|University of Michigan, Dearborn|2011|July-Denver|Mark/John|Reviewed|A B C D|RMI|7/14/2011|7/15/2011|Submittted
572|University of Michigan-Flint|2011|July-Denver|Mark/John|Reviewed|A B C D|RMI|7/14/2011|7/15/2011|Submittted
573|University of Minnesota-Duluth|2011|July-Denver|Mark/John|Reviewed|A B C D|RMI|7/14/2011|7/15/2011|Submittted
574|University of Minnesota-Twin Cities|2011|July-Denver|Mark/John|Reviewed|A B C D|RMI|7/14/2011|7/15/2011|Submittted
575|University of Mississippi|2011|July-Denver|Mark/John|Reviewed|A B C D|RMI|7/14/2011|7/15/2011|Submittted
576|University of Missouri, Columbia|2011|July-Denver|Mark/John|Reviewed|A B C D|RMI|7/14/2011|7/15/2011|Submittted
577|University of Missouri, Kansas City|2011|July-Denver|Mark/John|Reviewed|A B C D|RMI|7/14/2011|7/15/2011|Submittted
578|University of Missouri, St. Louis|2011|July-Denver|Mark/John|Reviewed|A B C D|RMI|7/14/2011|7/15/2011|Submittted
579|University of Montevallo|2011|July-Denver|Mark/John|Reviewed|A B C D|RMI|7/14/2011|7/15/2011|Submittted
580|University of Nebraska - Lincoln|2011|July-Denver|Mark/John|Reviewed|A B C D|RMI|7/14/2011|7/15/2011|Submittted
581|University of Nebraska at Kearney|2011|July-Denver|Mark/John|Reviewed|A B C D|RMI|7/14/2011|7/15/2011|Submittted
582|University of Nebraska at Omaha|2011|July-Denver|Mark/John|Reviewed|A B C D|RMI|7/14/2011|7/15/2011|Submittted
583|University of Nevada, Reno|2011|July-Denver|Mark/John|Reviewed|A B C D|RMI|7/14/2011|7/15/2011|Submittted
584|University of Nevada-Las Vegas|2011|July-Denver|Mark/John|Reviewed|A B C D|RMI|7/14/2011|7/15/2011|Submittted
585|University of New Hampshire|2011|July-Denver|Mark/John|Reviewed|A B C D|RMI|7/14/2011|7/15/2011|Submittted
586|University of New Mexico|2011|July-Denver|Mark/John|Reviewed|A B C D|RMI|7/14/2011|7/15/2011|Submittted
587|University of New Orleans|2011|July-Denver|Mark/John|Reviewed|A B C D|RMI|7/14/2011|7/15/2011|Submittted
588|University of North Alabama|2011|July-Denver|Mark/John|Reviewed|A B C D|RMI|7/14/2011|7/15/2011|Submittted
589|University of North Carolina at Asheville|2011|July-Denver|Mark/John|Reviewed|A B C D|RMI|7/14/2011|7/15/2011|Submittted
590|University of North Carolina at Chapel Hill|2011|July-Denver|Mark/John|Reviewed|A B C D|RMI|7/14/2011|7/15/2011|Submittted
591|University of North Carolina at Charlotte|2011|July-Denver|Mark/John|Reviewed|A B C D|RMI|7/14/2011|7/15/2011|Submittted
592|University of North Carolina at Greensboro|2011|July-Denver|Mark/John|Reviewed|A B C D|RMI|7/14/2011|7/15/2011|Submittted
593|University of North Carolina at Pembroke|2011|July-Denver|Mark/John|Reviewed|A B C D|RMI|7/14/2011|7/15/2011|Submittted
594|University of North Carolina at Wilmington|2011|July-Denver|Mark/John|Reviewed|A B C D|RMI|7/14/2011|7/15/2011|Submittted
595|University of North Dakota|2011|July-Denver|Mark/John|Reviewed|A B C D|RMI|7/14/2011|7/15/2011|Submittted
596|University of North Florida|2011|July-Denver|Mark/John|Reviewed|A B C D|RMI|7/14/2011|7/15/2011|Submittted
597|University of North Texas|2011|July-Denver|Mark/John|Reviewed|A B C D|RMI|7/14/2011|7/15/2011|Submittted
598|University of Northern Colorado|2011|July-Denver|Mark/John|Reviewed|A B C D|RMI|7/14/2011|7/15/2011|Submittted
599|University of Northern Iowa|2011|July-Denver|Mark/John|Reviewed|A B C D|RMI|7/14/2011|7/15/2011|Submittted
600|University of Notre Dame|2011|July-Denver|Mark/John|Reviewed|A B C D|RMI|7/14/2011|7/15/2011|Submittted
601|University of Oklahoma|2011|July-Denver|Mark/John|Reviewed|A B C D|RMI|7/14/2011|7/15/2011|Submittted
602|University of Oregon|2011|July-Denver|Mark/John|Reviewed|A B C D|RMI|7/14/2011|7/15/2011|Submittted
603|University of Pennsylvania|2011|July-Denver|Mark/John|Reviewed|A B C D|RMI|7/14/2011|7/15/2011|Submittted
604|University of Pittsburgh|2011|July-Denver|Mark/John|Reviewed|A B C D|RMI|7/14/2011|7/15/2011|Submittted
605|University of Portland|2011|July-Denver|Mark/John|Reviewed|A B C D|RMI|7/14/2011|7/15/2011|Submittted
606|University of Puerto Rico, Mayaguez|2011|July-Denver|Mark/John|Reviewed|A B C D|RMI|7/14/2011|7/15/2011|Submittted
607|University of Puerto Rico, Rio Piedras|2011|July-Denver|Mark/John|Reviewed|A B C D|RMI|7/14/2011|7/15/2011|Submittted
608|University of Puget Sound|2011|July-Denver|Mark/John|Reviewed|A B C D|RMI|7/14/2011|7/15/2011|Submittted
609|University of Redlands|2011|July-Denver|Mark/John|Reviewed|A B C D|RMI|7/14/2011|7/15/2011|Submittted
610|University of Rhode Island|2011|July-Denver|Mark/John|Reviewed|A B C D|RMI|7/14/2011|7/15/2011|Submittted
611|University of Richmond|2011|July-Denver|Mark/John|Reviewed|A B C D|RMI|7/14/2011|7/15/2011|Submittted
612|University of Rochester|2011|July-Denver|Mark/John|Reviewed|A B C D|RMI|7/14/2011|7/15/2011|Submittted
613|University of Saint Thomas|2011|July-Denver|Mark/John|Reviewed|A B C D|RMI|7/14/2011|7/15/2011|Submittted
614|University of San Diego|2011|July-Denver|Mark/John|Reviewed|A B C D|RMI|7/14/2011|7/15/2011|Submittted
615|University of San Francisco|2011|July-Denver|Mark/John|Reviewed|A B C D|RMI|7/14/2011|7/15/2011|Submittted
616|University of Scranton|2011|July-Denver|Mark/John|Reviewed|A B C D|RMI|7/14/2011|7/15/2011|Submittted
617|University of South Alabama|2011|July-Denver|Mark/John|Reviewed|A B C D|RMI|7/14/2011|7/15/2011|Submittted
618|University of South Carolina|2011|July-Denver|Mark/John|Reviewed|A B C D|RMI|7/14/2011|7/15/2011|Submittted
619|University of South Dakota|2011|July-Denver|Mark/John|Reviewed|A B C D|RMI|7/14/2011|7/15/2011|Submittted
620|University of South Florida|2011|July-Denver|Mark/John|Reviewed|A B C D|RMI|7/14/2011|7/15/2011|Submittted
621|University of Southern California|2011|July-Denver|Mark/John|Reviewed|A B C D|RMI|7/14/2011|7/15/2011|Submittted
622|University of Southern Indiana|2011|July-Denver|Mark/John|Reviewed|A B C D|RMI|7/14/2011|7/15/2011|Submittted
623|University of Tennessee, at Chattanooga|2011|July-Denver|Mark/John|Reviewed|A B C D|RMI|7/14/2011|7/15/2011|Submittted
624|University of Tennessee, at Martin|2011|July-Denver|Mark/John|Reviewed|A B C D|RMI|7/14/2011|7/15/2011|Submittted
625|University of Tennessee, Knoxville|2011|July-Denver|Mark/John|Reviewed|A B C D|RMI|7/14/2011|7/15/2011|Submittted
626|University of Texas - Pan American|2011|July-Denver|Mark/John|Reviewed|A B C D|RMI|7/14/2011|7/15/2011|Submittted
627|University of Texas at Arlington|2011|July-Denver|Mark/John|Reviewed|A B C D|RMI|7/14/2011|7/15/2011|Submittted
628|University of Texas at Austin|2011|July-Denver|Mark/John|Reviewed|A B C D|RMI|7/14/2011|7/15/2011|Submittted
629|University of Texas at Dallas|2011|July-Denver|Mark/John|Reviewed|A B C D|RMI|7/14/2011|7/15/2011|Submittted
630|University of Texas at El Paso|2011|July-Denver|Mark/John|Reviewed|A B C D|RMI|7/14/2011|7/15/2011|Submittted
631|University of Texas at San Antonio|2011|July-Denver|Mark/John|Reviewed|A B C D|RMI|7/14/2011|7/15/2011|Submittted
632|University of the District of Columbia|2011|July-Denver|Mark/John|Reviewed|A B C D|RMI|7/14/2011|7/15/2011|Submittted
633|University of the Pacific|2011|July-Denver|Mark/John|Reviewed|A B C D|RMI|7/14/2011|7/15/2011|Submittted
634|University of the Sciences in Philadelphia|2011|July-Denver|Mark/John|Reviewed|A B C D|RMI|7/14/2011|7/15/2011|Submittted
635|University of the Virgin Islands|2011|July-Denver|Mark/John|Reviewed|A B C D|RMI|7/14/2011|7/15/2011|Submittted
636|University of Toledo|2011|July-Denver|Mark/John|Reviewed|A B C D|RMI|7/14/2011|7/15/2011|Submittted
637|University of Tulsa|2011|July-Denver|Mark/John|Reviewed|A B C D|RMI|7/14/2011|7/15/2011|Submittted
638|University of Utah|2011|July-Denver|Mark/John|Reviewed|A B C D|RMI|7/14/2011|7/15/2011|Submittted
639|University of Vermont|2011|July-Denver|Mark/John|Reviewed|A B C D|RMI|7/14/2011|7/15/2011|Submittted
640|University of Virginia|2011|July-Denver|Mark/John|Reviewed|A B C D|RMI|7/14/2011|7/15/2011|Submittted
641|University of Washington|2011|July-Denver|Mark/John|Reviewed|A B C D|RMI|7/14/2011|7/15/2011|Submittted
642|University of West Florida|2011|July-Denver|Mark/John|Reviewed|A B C D|RMI|7/14/2011|7/15/2011|Submittted
643|University of West Georgia|2011|July-Denver|Mark/John|Reviewed|A B C D|RMI|7/14/2011|7/15/2011|Submittted
644|University of Wisconsin-Eau Claire|2011|July-Denver|Mark/John|Reviewed|A B C D|RMI|7/14/2011|7/15/2011|Submittted
645|University of Wisconsin-Green Bay|2011|July-Denver|Mark/John|Reviewed|A B C D|RMI|7/14/2011|7/15/2011|Submittted
646|University of Wisconsin-La Crosse|2011|July-Denver|Mark/John|Reviewed|A B C D|RMI|7/14/2011|7/15/2011|Submittted
647|University of Wisconsin-Madison|2011|July-Denver|Mark/John|Reviewed|A B C D|RMI|7/14/2011|7/15/2011|Submittted
648|University of Wisconsin-Milwaukee|2011|July-Denver|Mark/John|Reviewed|A B C D|RMI|7/14/2011|7/15/2011|Submittted
649|University of Wisconsin-Oshkosh|2011|July-Denver|Mark/John|Reviewed|A B C D|RMI|7/14/2011|7/15/2011|Submittted
650|University of Wisconsin-Parkside|2011|July-Denver|Mark/John|Reviewed|A B C D|RMI|7/14/2011|7/15/2011|Submittted
651|University of Wisconsin-Platteville|2011|July-Denver|Mark/John|Reviewed|A B C D|RMI|7/14/2011|7/15/2011|Submittted
652|University of Wisconsin-River Falls|2011|July-Denver|Mark/John|Reviewed|A B C D|RMI|7/14/2011|7/15/2011|Submittted
653|University of Wisconsin-Stevens Point|2011|July-Denver|Mark/John|Reviewed|A B C D|RMI|7/14/2011|7/15/2011|Submittted
654|University of Wisconsin-Superior|2011|July-Denver|Mark/John|Reviewed|A B C D|RMI|7/14/2011|7/15/2011|Submittted
655|University of Wisconsin-Whitewater|2011|July-Denver|Mark/John|Reviewed|A B C D|RMI|7/14/2011|7/15/2011|Submittted
656|University of Wyoming|2011|July-Denver|Mark/John|Reviewed|A B C D|RMI|7/14/2011|7/15/2011|Submittted
657|Ursinus College|2011|July-Denver|Mark/John|Reviewed|A B C D|RMI|7/14/2011|7/15/2011|Submittted
658|Utah State University|2011|July-Denver|Mark/John|Reviewed|A B C D|RMI|7/14/2011|7/15/2011|Submittted
659|Valdosta State University|2011|July-Denver|Mark/John|Reviewed|A B C D|RMI|7/14/2011|7/15/2011|Submittted
660|Valparaiso University|2011|July-Denver|Mark/John|Reviewed|A B C D|RMI|7/14/2011|7/15/2011|Submittted
661|Vanderbilt University|2011|July-Denver|Mark/John|Reviewed|A B C D|RMI|7/14/2011|7/15/2011|Submittted
662|Vassar College|2011|July-Denver|Mark/John|Reviewed|A B C D|RMI|7/14/2011|7/15/2011|Submittted
663|Villanova University|2011|July-Denver|Mark/John|Reviewed|A B C D|RMI|7/14/2011|7/15/2011|Submittted
664|Virginia Commonwealth University|2011|July-Denver|Mark/John|Reviewed|A B C D|RMI|7/14/2011|7/15/2011|Submittted
665|Virginia Military Institute|2011|July-Denver|Mark/John|Reviewed|A B C D|RMI|7/14/2011|7/15/2011|Submittted
666|Virginia Polytechnic Institute and State University|2011|July-Denver|Mark/John|Reviewed|A B C D|RMI|7/14/2011|7/15/2011|Submittted
667|Virginia State University|2011|July-Denver|Mark/John|Reviewed|A B C D|RMI|7/14/2011|7/15/2011|Submittted
668|Virginia Union University|2011|July-Denver|Mark/John|Reviewed|A B C D|RMI|7/14/2011|7/15/2011|Submittted
669|Viterbo University|2011|July-Denver|Mark/John|Reviewed|A B C D|RMI|7/14/2011|7/15/2011|Submittted
660|Wabash College|2011|July-Denver|Mark/John|Reviewed|A B C D|RMI|7/14/2011|7/15/2011|Submittted
671|Wagner College|2011|July-Denver|Mark/John|Reviewed|A B C D|RMI|7/14/2011|7/15/2011|Submittted
672|Wake Forest University|2011|July-Denver|Mark/John|Reviewed|A B C D|RMI|7/14/2011|7/15/2011|Submittted
673|Washburn University|2011|July-Denver|Mark/John|Reviewed|A B C D|RMI|7/14/2011|7/15/2011|Submittted
674|Washington and Jefferson College|2011|July-Denver|Mark/John|Reviewed|A B C D|RMI|7/14/2011|7/15/2011|Submittted
675|Washington and Lee University|2011|July-Denver|Mark/John|Reviewed|A B C D|RMI|7/14/2011|7/15/2011|Submittted
676|Washington College|2011|July-Denver|Mark/John|Reviewed|A B C D|RMI|7/14/2011|7/15/2011|Submittted
677|Washington State University|2011|July-Denver|Mark/John|Reviewed|A B C D|RMI|7/14/2011|7/15/2011|Submittted
678|Washington University|2011|July-Denver|Mark/John|Reviewed|A B C D|RMI|7/14/2011|7/15/2011|Submittted
679|Wayne State University|2011|July-Denver|Mark/John|Reviewed|A B C D|RMI|7/14/2011|7/15/2011|Submittted
680|Waynesburg University|2011|July-Denver|Mark/John|Reviewed|A B C D|RMI|7/14/2011|7/15/2011|Submittted
681|Weber State University|2011|July-Denver|Mark/John|Reviewed|A B C D|RMI|7/14/2011|7/15/2011|Submittted
682|Wellesley College|2011|July-Denver|Mark/John|Reviewed|A B C D|RMI|7/14/2011|7/15/2011|Submittted
683|Wesleyan University|2011|July-Denver|Mark/John|Reviewed|A B C D|RMI|7/14/2011|7/15/2011|Submittted
684|West Chester University|2011|July-Denver|Mark/John|Reviewed|A B C D|RMI|7/14/2011|7/15/2011|Submittted
685|West Virginia State University|2011|July-Denver|Mark/John|Reviewed|A B C D|RMI|7/14/2011|7/15/2011|Submittted
686|West Virginia University|2011|July-Denver|Mark/John|Reviewed|A B C D|RMI|7/14/2011|7/15/2011|Submittted
687|Western Carolina University|2011|July-Denver|Mark/John|Reviewed|A B C D|RMI|7/14/2011|7/15/2011|Submittted
688|Western Connecticut State University|2011|July-Denver|Mark/John|Reviewed|A B C D|RMI|7/14/2011|7/15/2011|Submittted
689|Western Illinois University|2011|July-Denver|Mark/John|Reviewed|A B C D|RMI|7/14/2011|7/15/2011|Submittted
690|Western Kentucky University|2011|July-Denver|Mark/John|Reviewed|A B C D|RMI|7/14/2011|7/15/2011|Submittted
691|Western Michigan University|2011|July-Denver|Mark/John|Reviewed|A B C D|RMI|7/14/2011|7/15/2011|Submittted
692|Western Washington University|2011|July-Denver|Mark/John|Reviewed|A B C D|RMI|7/14/2011|7/15/2011|Submittted
693|Westminster College|2011|July-Denver|Mark/John|Reviewed|A B C D|RMI|7/14/2011|7/15/2011|Submittted
694|Wheaton College (IL)|2011|July-Denver|Mark/John|Reviewed|A B C D|RMI|7/14/2011|7/15/2011|Submittted
695|Wheaton College (MA)|2011|July-Denver|Mark/John|Reviewed|A B C D|RMI|7/14/2011|7/15/2011|Submittted
696|Whitman College|2011|July-Denver|Mark/John|Reviewed|A B C D|RMI|7/14/2011|7/15/2011|Submittted
697|Whittier College|2011|July-Denver|Mark/John|Reviewed|A B C D|RMI|7/14/2011|7/15/2011|Submittted
698|Wichita State University|2011|July-Denver|Mark/John|Reviewed|A B C D|RMI|7/14/2011|7/15/2011|Submittted
699|Widener University|2011|July-Denver|Mark/John|Reviewed|A B C D|RMI|7/14/2011|7/15/2011|Submittted
700|Wilberforce University|2011|July-Denver|Mark/John|Reviewed|A B C D|RMI|7/14/2011|7/15/2011|Submittted
701|Wiley College|2011|July-Denver|Mark/John|Reviewed|A B C D|RMI|7/14/2011|7/15/2011|Submittted
702|Wilkes University|2011|July-Denver|Mark/John|Reviewed|A B C D|RMI|7/14/2011|7/15/2011|Submittted
703|Willamette University|2011|July-Denver|Mark/John|Reviewed|A B C D|RMI|7/14/2011|7/15/2011|Submittted
704|Williams College|2011|July-Denver|Mark/John|Reviewed|A B C D|RMI|7/14/2011|7/15/2011|Submittted
705|Winona State University|2011|July-Denver|Mark/John|Reviewed|A B C D|RMI|7/14/2011|7/15/2011|Submittted
706|Winston-Salem State University|2011|July-Denver|Mark/John|Reviewed|A B C D|RMI|7/14/2011|7/15/2011|Submittted
707|Winthrop University|2011|July-Denver|Mark/John|Reviewed|A B C D|RMI|7/14/2011|7/15/2011|Submittted
708|Wittenberg University|2011|July-Denver|Mark/John|Reviewed|A B C D|RMI|7/14/2011|7/15/2011|Submittted
709|Worcester Polytechnic Institute|2011|July-Denver|Mark/John|Reviewed|A B C D|RMI|7/14/2011|7/15/2011|Submittted
710|Wright State University|2011|July-Denver|Mark/John|Reviewed|A B C D|RMI|7/14/2011|7/15/2011|Submittted
711|Xavier University|2011|July-Denver|Mark/John|Reviewed|A B C D|RMI|7/14/2011|7/15/2011|Submittted
712|Xavier University of Louisiana|2011|July-Denver|Mark/John|Reviewed|A B C D|RMI|7/14/2011|7/15/2011|Submittted
713|Yale University|2011|July-Denver|Mark/John|Reviewed|A B C D|RMI|7/14/2011|7/15/2011|Submittted
714|Youngstown State University|2011|July-Denver|Mark/John|Reviewed|A B C D|RMI|7/14/2011|7/15/2011|Submittted
715|William Paterson University|2011|July-Denver|Mark/John|Reviewed|A B C D|RMI|7/14/2011|7/15/2011|Submittted
716|University of Mary Washington|2011|July-Denver|Mark/John|Reviewed|A B C D|RMI|7/14/2011|7/15/2011|Submittted
717|Utica College|2011|July-Denver|Mark/John|Reviewed|A B C D|RMI|7/14/2011|7/15/2011|Submittted
718|Claremont McKenna, Pitzer, and Scripps Colleges|2011|July-Denver|Mark/John|Reviewed|A B C D|RMI|7/14/2011|7/15/2011|Submittted
719|University of Minnesota-Morris|2011|July-Denver|Mark/John|Reviewed|A B C D|RMI|7/14/2011|7/15/2011|Submittted
720|California University of Pennsylvania|2011|July-Denver|Mark/John|Reviewed|A B C D|RMI|7/14/2011|7/15/2011|Submittted
721|The University of Virginia's College at Wise|2011|July-Denver|Mark/John|Reviewed|A B C D|RMI|7/14/2011|7/15/2011|Submittted
722|University of South Carolina Aiken|2011|July-Denver|Mark/John|Reviewed|A B C D|RMI|7/14/2011|7/15/2011|Submittted
723|University of Texas of the Permian Basin|2011|July-Denver|Mark/John|Reviewed|A B C D|RMI|7/14/2011|7/15/2011|Submittted
724|Northeastern State University|2011|July-Denver|Mark/John|Reviewed|A B C D|RMI|7/14/2011|7/15/2011|Submittted
725|Georgetown College|2011|July-Denver|Mark/John|Reviewed|A B C D|RMI|7/14/2011|7/15/2011|Submittted
726|Wheaton College|2011|July-Denver|Mark/John|Reviewed|A B C D|RMI|7/14/2011|7/15/2011|Submittted
727|Barry University|2011|July-Denver|Mark/John|Reviewed|A B C D|RMI|7/14/2011|7/15/2011|Submittted
728|Benedictine College|2011|July-Denver|Mark/John|Reviewed|A B C D|RMI|7/14/2011|7/15/2011|Submittted
729|Coastal Carolina University|2011|July-Denver|Mark/John|Reviewed|A B C D|RMI|7/14/2011|7/15/2011|Submittted
730|Samford University|2011|July-Denver|Mark/John|Reviewed|A B C D|RMI|7/14/2011|7/15/2011|Submittted
731|Columbus State University|2011|July-Denver|Mark/John|Reviewed|A B C D|RMI|7/14/2011|7/15/2011|Submittted
732|United States Military Academy|2011|July-Denver|Mark/John|Reviewed|A B C D|RMI|7/14/2011|7/15/2011|Submittted
733|New Jersey Institute of Technology|2011|July-Denver|Mark/John|Reviewed|A B C D|RMI|7/14/2011|7/15/2011|Submittted
734|Saint Xavier University|2011|July-Denver|Mark/John|Reviewed|A B C D|RMI|7/14/2011|7/15/2011|Submittted
735|Mercyhurst College|2011|July-Denver|Mark/John|Reviewed|A B C D|RMI|7/14/2011|7/15/2011|Submittted
736|Georgian Court University|2011|July-Denver|Mark/John|Reviewed|A B C D|RMI|7/14/2011|7/15/2011|Submittted
737|Saint Mary's College of California|2011|July-Denver|Mark/John|Reviewed|A B C D|RMI|7/14/2011|7/15/2011|Submittted
